Line_number	Bin_numbers
1	533400
2	67887
3	10261
4	206
5	373
6	40
7	6
8	1
9	0
10	0
11	0
12	0
13	0
14	0
1	889000
2	106738
3	463
4	1834
5	663
6	3
7	0
8	0
9	0
10	0
11	0
12	0
13	0
14	0
1	124460
2	1003
3	14382
4	3355
5	0
6	4
7	50
8	0
9	0
10	0
11	0
12	0
13	0
14	0
1	17780
2	161000
3	537
4	1519
5	4
6	1
7	0
8	3
9	0
10	0
11	0
12	0
13	0
14	0
1	391160
2	5133
3	11184
4	4221
5	575
6	6
7	0
8	0
9	3
10	0
11	0
12	0
13	0
14	0
1	568960
2	46887
3	22010
4	624
5	2
6	119
7	5
8	0
9	1
10	0
11	0
12	0
13	0
14	0
1	728980
2	84573
3	5925
4	54
5	329
6	6
7	0
8	1
9	0
10	0
11	0
12	0
13	0
14	0
1	1102360
2	17774
3	7086
4	88
5	351
6	498
7	0
8	0
9	0
10	0
11	0
12	0
13	0
14	0
1	1155700
2	41660
3	1099
4	2139
5	19
6	9
7	6
8	0
9	0
10	0
11	0
12	0
13	0
14	0
1	586740
2	9407
3	4859
4	3208
5	6
6	5
7	0
8	0
9	0
10	0
11	0
12	0
13	0
14	0
1	551180
2	71548
3	57493
4	3709
5	1468
6	3
7	3
8	1
9	0
10	0
11	0
12	0
13	0
14	0
1	551180
2	54094
3	23721
4	7047
5	1035
6	0
7	0
8	0
9	0
10	0
11	0
12	0
13	0
14	0
1	320040
2	2073
3	1408
4	1793
5	569
6	210
7	10
8	0
9	0
10	0
11	0
12	0
13	0
14	0
1	568960
2	12090
3	18
4	4344
5	413
6	1
7	1
8	0
9	0
10	0
11	0
12	0
13	0
14	0
1	551180
2	73062
3	624
4	1056
5	356
6	3
7	0
8	0
9	0
10	0
11	0
12	0
13	0
14	0
1	551180
2	126858
3	1262
4	32
5	335
6	62
7	7
8	1
9	0
10	0
11	0
12	0
13	0
14	0
1	1102360
2	146854
3	30970
4	640
5	1817
6	0
7	51
8	0
9	0
10	0
11	0
12	0
13	0
14	0
1	391160
2	8459
3	3429
4	1302
5	96
6	14
7	30
8	0
9	0
10	0
11	0
12	0
13	0
14	0
1	728980
2	133116
3	32646
4	129
5	59
6	183
7	15
8	1
9	0
10	0
11	0
12	0
13	0
14	0
1	977900
2	2419
3	9960
4	3400
5	420
6	94
7	2
8	0
9	0
10	0
11	0
12	0
13	0
14	0
1	728980
2	57924
3	17152
4	732
5	30
6	52
7	8
8	0
9	0
10	0
11	0
12	0
13	0
14	0
1	533400
2	51787
3	1014
4	6013
5	3
6	3
7	0
8	0
9	0
10	0
11	0
12	0
13	0
14	0
1	551180
2	144169
3	29
4	68
5	262
6	138
7	0
8	0
9	0
10	0
11	0
12	0
13	0
14	0
1	889000
2	61540
3	12786
4	110
5	744
6	4
7	1
8	0
9	0
10	0
11	0
12	0
13	0
14	0
1	124460
2	20239
3	21540
4	382
5	5
6	5
7	10
8	0
9	0
10	0
11	0
12	0
13	0
14	0
1	124460
2	18642
3	31394
4	1654
5	1245
6	0
7	0
8	1
9	0
10	0
11	0
12	0
13	0
14	0
1	1102360
2	2924
3	16266
4	1150
5	765
6	169
7	16
8	0
9	0
10	0
11	0
12	0
13	0
14	0
1	213360
2	12090
3	690
4	477
5	10
6	6
7	0
8	0
9	0
10	0
11	0
12	0
13	0
14	0
1	728980
2	3120
3	6230
4	6263
5	140
6	26
7	0
8	2
9	0
10	0
11	0
12	0
13	0
14	0
1	213360
2	28580
3	10103
4	1025
5	10
6	20
7	0
8	0
9	0
10	0
11	0
12	0
13	0
14	0
1	889000
2	42902
3	7308
4	337
5	829
6	46
7	0
8	0
9	0
10	0
11	0
12	0
13	0
14	0
1	942340
2	30959
3	25264
4	262
5	3
6	57
7	0
8	0
9	0
10	0
11	0
12	0
13	0
14	0
1	320040
2	81902
3	17233
4	55
5	11
6	1
7	0
8	0
9	0
10	0
11	0
12	0
13	0
14	0
1	533400
2	267869
3	5079
4	2504
5	7
6	10
7	3
8	2
9	0
10	0
11	0
12	0
13	0
14	0
1	213360
2	49211
3	2375
4	784
5	34
6	79
7	1
8	0
9	0
10	0
11	0
12	0
13	0
14	0
1	1102360
2	2073
3	1516
4	2087
5	16
6	2
7	2
8	0
9	0
10	0
11	0
12	0
13	0
14	0
1	568960
2	57924
3	1805
4	971
5	169
6	37
7	3
8	0
9	0
10	0
11	0
12	0
13	0
14	0
1	35560
2	144169
3	15362
4	24
5	11
6	0
7	0
8	0
9	0
10	0
11	0
12	0
13	0
14	0
1	515620
2	1003
3	12606
4	2041
5	5
6	1
7	0
8	1
9	0
10	0
11	0
12	0
13	0
14	0
1	124460
2	17300
3	282
4	3882
5	478
6	40
7	2
8	0
9	0
10	0
11	0
12	0
13	0
14	0
1	320040
2	33585
3	14049
4	1412
5	19
6	1
7	0
8	0
9	0
10	0
11	0
12	0
13	0
14	0
1	391160
2	5803
3	3990
4	807
5	87
6	32
7	12
8	0
9	0
10	0
11	0
12	0
13	0
14	0
1	942340
2	51087
3	1060
4	1571
5	25
6	0
7	0
8	0
9	0
10	0
11	0
12	0
13	0
14	0
1	1066800
2	2938
3	24194
4	57
5	426
6	0
7	3
8	0
9	0
10	0
11	0
12	0
13	0
14	0
1	1173480
2	159501
3	610
4	1299
5	26
6	84
7	4
8	3
9	0
10	0
11	0
12	0
13	0
14	0
1	640080
2	41168
3	3341
4	4416
5	21
6	128
7	7
8	5
9	0
10	0
11	0
12	0
13	0
14	0
1	1102360
2	137338
3	1658
4	730
5	637
6	13
7	8
8	0
9	0
10	0
11	0
12	0
13	0
14	0
1	1102360
2	4897
3	39565
4	2142
5	13
6	14
7	9
8	1
9	0
10	0
11	0
12	0
13	0
14	0
1	942340
2	1905
3	38023
4	154
5	15
6	94
7	69
8	0
9	1
10	0
11	0
12	0
13	0
14	0
1	640080
2	84383
3	13487
4	119
5	1
6	9
7	0
8	0
9	0
10	0
11	0
12	0
13	0
14	0
1	551180
2	46887
3	1431
4	1015
5	9
6	167
7	0
8	0
9	0
10	0
11	0
12	0
13	0
14	0
1	1102360
2	130533
3	4891
4	186
5	3193
6	12
7	1
8	0
9	0
10	0
11	0
12	0
13	0
14	0
1	124460
2	82102
3	11160
4	3222
5	235
6	0
7	1
8	3
9	0
10	0
11	0
12	0
13	0
14	0
1	1102360
2	79590
3	7517
4	2006
5	716
6	0
7	0
8	0
9	0
10	0
11	0
12	0
13	0
14	0
1	533400
2	91800
3	4366
4	6573
5	50
6	2
7	0
8	0
9	0
10	0
11	0
12	0
13	0
14	0
1	977900
2	104614
3	62
4	68
5	110
6	0
7	0
8	0
9	0
10	0
11	0
12	0
13	0
14	0
1	515620
2	17924
3	3464
4	535
5	793
6	29
7	7
8	0
9	0
10	0
11	0
12	0
13	0
14	0
1	551180
2	9103
3	4745
4	4139
5	70
6	0
7	0
8	3
9	1
10	0
11	0
12	0
13	0
14	0
1	320040
2	34082
3	2939
4	3070
5	493
6	0
7	17
8	0
9	1
10	0
11	0
12	0
13	0
14	0
1	942340
2	51787
3	279
4	87
5	260
6	76
7	0
8	0
9	0
10	0
11	0
12	0
13	0
14	0
1	942340
2	110271
3	10770
4	2859
5	130
6	206
7	0
8	0
9	0
10	0
11	0
12	0
13	0
14	0
1	568960
2	33585
3	12844
4	177
5	7
6	33
7	6
8	0
9	0
10	0
11	0
12	0
13	0
14	0
1	320040
2	4308
3	3970
4	3286
5	1
6	0
7	0
8	0
9	1
10	0
11	0
12	0
13	0
14	0
1	213360
2	140940
3	4946
4	17
5	168
6	10
7	1
8	0
9	0
10	0
11	0
12	0
13	0
14	0
1	889000
2	85223
3	2700
4	25
5	1
6	11
7	0
8	0
9	0
10	0
11	0
12	0
13	0
14	0
1	640080
2	5745
3	2587
4	20
5	24
6	2
7	0
8	0
9	0
10	0
11	0
12	0
13	0
14	0
1	515620
2	89339
3	30042
4	24
5	158
6	10
7	0
8	0
9	0
10	0
11	0
12	0
13	0
14	0
1	213360
2	133482
3	1073
4	3011
5	19
6	134
7	0
8	0
9	0
10	0
11	0
12	0
13	0
14	0
1	568960
2	38665
3	699
4	45
5	520
6	1
7	1
8	0
9	0
10	0
11	0
12	0
13	0
14	0
1	640080
2	10645
3	975
4	3128
5	790
6	241
7	0
8	2
9	0
10	0
11	0
12	0
13	0
14	0
1	213360
2	3251
3	1337
4	2412
5	20
6	27
7	6
8	0
9	0
10	0
11	0
12	0
13	0
14	0
1	320040
2	29750
3	1323
4	438
5	45
6	18
7	0
8	0
9	2
10	0
11	0
12	0
13	0
14	0
1	320040
2	51787
3	4630
4	31
5	2
6	3
7	19
8	1
9	1
10	0
11	0
12	0
13	0
14	0
1	515620
2	50776
3	2992
4	205
5	322
6	25
7	0
8	0
9	0
10	0
11	0
12	0
13	0
14	0
1	1155700
2	68969
3	28367
4	240
5	20
6	204
7	0
8	0
9	0
10	0
11	0
12	0
13	0
14	0
1	320040
2	98922
3	1384
4	21
5	24
6	21
7	0
8	0
9	0
10	0
11	0
12	0
13	0
14	0
1	586740
2	41660
3	23223
4	828
5	59
6	1
7	0
8	1
9	0
10	0
11	0
12	0
13	0
14	0
1	640080
2	29469
3	2590
4	584
5	56
6	0
7	0
8	3
9	0
10	0
11	0
12	0
13	0
14	0
1	515620
2	73062
3	7443
4	5031
5	647
6	0
7	0
8	14
9	0
10	0
11	0
12	0
13	0
14	0
1	320040
2	137341
3	22295
4	269
5	67
6	160
7	0
8	4
9	0
10	0
11	0
12	0
13	0
14	0
1	533400
2	4308
3	26
4	140
5	20
6	194
7	0
8	0
9	0
10	0
11	0
12	0
13	0
14	0
1	889000
2	49211
3	8188
4	1163
5	237
6	2
7	1
8	8
9	0
10	0
11	0
12	0
13	0
14	0
1	728980
2	57753
3	51886
4	492
5	1727
6	0
7	0
8	1
9	0
10	0
11	0
12	0
13	0
14	0
1	515620
2	34082
3	48
4	29
5	1439
6	180
7	4
8	2
9	0
10	0
11	0
12	0
13	0
14	0
1	586740
2	3120
3	25686
4	958
5	1260
6	119
7	0
8	0
9	0
10	0
11	0
12	0
13	0
14	0
1	568960
2	17300
3	14032
4	3092
5	2
6	1
7	0
8	0
9	0
10	0
11	0
12	0
13	0
14	0
1	320040
2	189817
3	432
4	1875
5	599
6	13
7	0
8	0
9	0
10	0
11	0
12	0
13	0
14	0
1	640080
2	84863
3	354
4	9345
5	69
6	37
7	8
8	0
9	0
10	0
11	0
12	0
13	0
14	0
1	622300
2	9407
3	13236
4	230
5	133
6	0
7	0
8	0
9	0
10	0
11	0
12	0
13	0
14	0
1	213360
2	54094
3	535
4	116
5	349
6	299
7	2
8	0
9	0
10	0
11	0
12	0
13	0
14	0
1	35560
2	28879
3	6890
4	186
5	517
6	5
7	0
8	1
9	0
10	0
11	0
12	0
13	0
14	0
1	515620
2	84863
3	1548
4	983
5	28
6	5
7	0
8	0
9	0
10	0
11	0
12	0
13	0
14	0
1	533400
2	59848
3	18221
4	24
5	2
6	9
7	0
8	0
9	0
10	0
11	0
12	0
13	0
14	0
1	889000
2	140940
3	3951
4	1336
5	23
6	0
7	0
8	4
9	0
10	0
11	0
12	0
13	0
14	0
1	977900
2	4897
3	9005
4	227
5	9
6	26
7	1
8	1
9	0
10	0
11	0
12	0
13	0
14	0
1	586740
2	81941
3	6133
4	1953
5	383
6	119
7	0
8	1
9	0
10	0
11	0
12	0
13	0
14	0
1	622300
2	34175
3	8425
4	12
5	319
6	14
7	8
8	0
9	0
10	0
11	0
12	0
13	0
14	0
1	640080
2	73722
3	7164
4	498
5	414
6	44
7	0
8	6
9	0
10	0
11	0
12	0
13	0
14	0
1	1066800
2	28879
3	16290
4	93
5	272
6	2
7	5
8	1
9	1
10	0
11	0
12	0
13	0
14	0
1	640080
2	100836
3	22622
4	150
5	3
6	2
7	12
8	0
9	0
10	0
11	0
12	0
13	0
14	0
1	1102360
2	86629
3	10331
4	123
5	384
6	0
7	3
8	0
9	0
10	0
11	0
12	0
13	0
14	0
1	213360
2	66759
3	8112
4	3350
5	257
6	0
7	1
8	0
9	1
10	0
11	0
12	0
13	0
14	0
1	1066800
2	31771
3	11471
4	5623
5	27
6	31
7	0
8	3
9	0
10	0
11	0
12	0
13	0
14	0
1	17780
2	28976
3	4345
4	15
5	434
6	4
7	17
8	0
9	0
10	0
11	0
12	0
13	0
14	0
1	213360
2	7234
3	13060
4	9809
5	11
6	2
7	0
8	11
9	0
10	0
11	0
12	0
13	0
14	0
1	728980
2	4787
3	12213
4	1104
5	52
6	236
7	0
8	0
9	0
10	0
11	0
12	0
13	0
14	0
1	889000
2	180
3	13771
4	195
5	265
6	0
7	11
8	0
9	0
10	0
11	0
12	0
13	0
14	0
1	640080
2	34082
3	2198
4	43
5	473
6	113
7	19
8	0
9	0
10	0
11	0
12	0
13	0
14	0
1	533400
2	126858
3	23639
4	723
5	20
6	1
7	0
8	0
9	0
10	0
11	0
12	0
13	0
14	0
1	1155700
2	136626
3	2659
4	2132
5	210
6	36
7	1
8	2
9	0
10	0
11	0
12	0
13	0
14	0
1	942340
2	222161
3	19056
4	3324
5	162
6	1
7	15
8	0
9	0
10	0
11	0
12	0
13	0
14	0
1	213360
2	85223
3	22598
4	5681
5	4
6	10
7	0
8	0
9	0
10	0
11	0
12	0
13	0
14	0
1	515620
2	80473
3	653
4	2777
5	11
6	44
7	5
8	0
9	0
10	0
11	0
12	0
13	0
14	0
1	17780
2	152638
3	1479
4	621
5	415
6	23
7	6
8	0
9	0
10	0
11	0
12	0
13	0
14	0
1	320040
2	82119
3	55011
4	6103
5	37
6	30
7	0
8	4
9	0
10	0
11	0
12	0
13	0
14	0
1	533400
2	57437
3	8419
4	677
5	8
6	116
7	12
8	0
9	0
10	0
11	0
12	0
13	0
14	0
1	213360
2	142308
3	4284
4	24
5	413
6	5
7	1
8	0
9	0
10	0
11	0
12	0
13	0
14	0
1	391160
2	161000
3	4656
4	55
5	179
6	159
7	0
8	0
9	0
10	0
11	0
12	0
13	0
14	0
1	568960
2	119442
3	13169
4	1041
5	17
6	105
7	0
8	0
9	0
10	0
11	0
12	0
13	0
14	0
1	213360
2	2531
3	292
4	68
5	96
6	7
7	0
8	0
9	0
10	0
11	0
12	0
13	0
14	0
1	622300
2	31771
3	432
4	2781
5	14
6	3
7	2
8	0
9	0
10	0
11	0
12	0
13	0
14	0
1	391160
2	146402
3	523
4	3436
5	641
6	3
7	1
8	2
9	0
10	0
11	0
12	0
13	0
14	0
1	533400
2	19708
3	6433
4	117
5	1
6	25
7	9
8	0
9	0
10	0
11	0
12	0
13	0
14	0
1	622300
2	5896
3	38154
4	29
5	12
6	0
7	0
8	0
9	0
10	0
11	0
12	0
13	0
14	0
1	1173480
2	136626
3	37513
4	3360
5	33
6	36
7	13
8	10
9	0
10	0
11	0
12	0
13	0
14	0
1	35560
2	9103
3	19656
4	1628
5	39
6	38
7	1
8	0
9	0
10	0
11	0
12	0
13	0
14	0
1	728980
2	82073
3	57370
4	350
5	187
6	19
7	20
8	2
9	0
10	0
11	0
12	0
13	0
14	0
1	515620
2	146854
3	940
4	911
5	443
6	99
7	1
8	0
9	0
10	0
11	0
12	0
13	0
14	0
1	213360
2	68969
3	4302
4	1798
5	3
6	299
7	2
8	0
9	0
10	0
11	0
12	0
13	0
14	0
1	533400
2	44263
3	7898
4	1158
5	151
6	13
7	4
8	0
9	0
10	0
11	0
12	0
13	0
14	0
1	213360
2	77363
3	1070
4	605
5	7
6	4
7	0
8	0
9	0
10	0
11	0
12	0
13	0
14	0
1	942340
2	97559
3	4358
4	6281
5	24
6	194
7	10
8	4
9	0
10	0
11	0
12	0
13	0
14	0
1	942340
2	153147
3	24899
4	33
5	25
6	5
7	0
8	0
9	0
10	0
11	0
12	0
13	0
14	0
1	213360
2	104614
3	18339
4	193
5	7
6	25
7	2
8	0
9	0
10	0
11	0
12	0
13	0
14	0
1	213360
2	153310
3	8928
4	1101
5	266
6	64
7	1
8	0
9	0
10	0
11	0
12	0
13	0
14	0
1	622300
2	137338
3	1241
4	1270
5	67
6	0
7	0
8	4
9	0
10	0
11	0
12	0
13	0
14	0
1	35560
2	5745
3	21922
4	97
5	422
6	12
7	0
8	1
9	0
10	0
11	0
12	0
13	0
14	0
1	640080
2	84508
3	26917
4	1820
5	68
6	40
7	0
8	1
9	0
10	0
11	0
12	0
13	0
14	0
1	551180
2	2938
3	11337
4	692
5	818
6	30
7	2
8	0
9	0
10	0
11	0
12	0
13	0
14	0
1	1173480
2	163406
3	2379
4	1835
5	174
6	1
7	0
8	1
9	0
10	0
11	0
12	0
13	0
14	0
1	728980
2	108841
3	1523
4	1817
5	157
6	0
7	3
8	1
9	0
10	0
11	0
12	0
13	0
14	0
1	889000
2	32011
3	7589
4	316
5	409
6	0
7	0
8	2
9	0
10	0
11	0
12	0
13	0
14	0
1	1066800
2	103198
3	33046
4	710
5	5
6	0
7	3
8	0
9	0
10	0
11	0
12	0
13	0
14	0
1	391160
2	31823
3	226
4	3432
5	773
6	0
7	0
8	0
9	0
10	0
11	0
12	0
13	0
14	0
1	728980
2	238327
3	19082
4	761
5	148
6	47
7	0
8	0
9	0
10	0
11	0
12	0
13	0
14	0
1	640080
2	148144
3	12953
4	4529
5	43
6	34
7	1
8	0
9	0
10	0
11	0
12	0
13	0
14	0
1	889000
2	219177
3	13473
4	1128
5	2
6	0
7	7
8	0
9	0
10	0
11	0
12	0
13	0
14	0
1	1173480
2	5803
3	7766
4	15
5	31
6	44
7	6
8	0
9	0
10	0
11	0
12	0
13	0
14	0
1	586740
2	139273
3	356
4	135
5	34
6	4
7	5
8	2
9	0
10	0
11	0
12	0
13	0
14	0
1	35560
2	5803
3	4739
4	623
5	206
6	1
7	17
8	0
9	0
10	0
11	0
12	0
13	0
14	0
1	889000
2	86629
3	7935
4	997
5	8
6	34
7	0
8	0
9	0
10	0
11	0
12	0
13	0
14	0
1	17780
2	128922
3	247
4	2997
5	158
6	21
7	4
8	0
9	0
10	0
11	0
12	0
13	0
14	0
1	622300
2	142308
3	21911
4	31
5	1091
6	4
7	27
8	0
9	0
10	0
11	0
12	0
13	0
14	0
1	515620
2	259947
3	868
4	20
5	93
6	1
7	9
8	0
9	0
10	0
11	0
12	0
13	0
14	0
1	35560
2	48438
3	1976
4	666
5	644
6	0
7	1
8	0
9	0
10	0
11	0
12	0
13	0
14	0
1	35560
2	1566
3	2498
4	820
5	803
6	2
7	4
8	0
9	1
10	0
11	0
12	0
13	0
14	0
1	533400
2	4002
3	2530
4	407
5	26
6	122
7	2
8	0
9	0
10	0
11	0
12	0
13	0
14	0
1	1173480
2	28976
3	10903
4	5412
5	4
6	12
7	0
8	0
9	0
10	0
11	0
12	0
13	0
14	0
1	640080
2	10477
3	11217
4	231
5	375
6	143
7	6
8	0
9	0
10	0
11	0
12	0
13	0
14	0
1	515620
2	55140
3	498
4	4091
5	275
6	40
7	3
8	2
9	0
10	0
11	0
12	0
13	0
14	0
1	533400
2	69367
3	17759
4	78
5	575
6	85
7	2
8	0
9	0
10	0
11	0
12	0
13	0
14	0
1	977900
2	20313
3	7730
4	1796
5	1412
6	144
7	0
8	0
9	0
10	0
11	0
12	0
13	0
14	0
1	515620
2	2068
3	1755
4	8405
5	179
6	0
7	0
8	0
9	0
10	0
11	0
12	0
13	0
14	0
1	728980
2	34082
3	14483
4	1810
5	2
6	161
7	2
8	7
9	0
10	0
11	0
12	0
13	0
14	0
1	551180
2	68174
3	18060
4	1129
5	139
6	179
7	11
8	0
9	0
10	0
11	0
12	0
13	0
14	0
1	640080
2	3666
3	34272
4	8653
5	1
6	73
7	0
8	0
9	0
10	0
11	0
12	0
13	0
14	0
1	728980
2	140747
3	12375
4	1143
5	270
6	70
7	0
8	0
9	0
10	0
11	0
12	0
13	0
14	0
1	1066800
2	130394
3	17785
4	2574
5	10
6	5
7	1
8	0
9	0
10	0
11	0
12	0
13	0
14	0
1	640080
2	41660
3	13804
4	63
5	895
6	9
7	0
8	0
9	0
10	0
11	0
12	0
13	0
14	0
1	1066800
2	122985
3	15120
4	170
5	796
6	152
7	0
8	0
9	0
10	0
11	0
12	0
13	0
14	0
1	622300
2	89628
3	8731
4	609
5	36
6	23
7	21
8	0
9	0
10	0
11	0
12	0
13	0
14	0
1	1173480
2	86764
3	12068
4	4
5	300
6	27
7	8
8	0
9	0
10	0
11	0
12	0
13	0
14	0
1	889000
2	4621
3	38940
4	4600
5	620
6	2
7	0
8	0
9	1
10	0
11	0
12	0
13	0
14	0
1	622300
2	54094
3	3994
4	738
5	320
6	14
7	29
8	0
9	0
10	0
11	0
12	0
13	0
14	0
1	1173480
2	81902
3	19133
4	4367
5	173
6	1
7	0
8	0
9	0
10	0
11	0
12	0
13	0
14	0
1	17780
2	79479
3	5334
4	1050
5	173
6	0
7	1
8	0
9	0
10	1
11	0
12	0
13	0
14	0
1	213360
2	48402
3	209
4	806
5	19
6	46
7	2
8	0
9	1
10	0
11	0
12	0
13	0
14	0
1	35560
2	161000
3	23191
4	15389
5	280
6	7
7	3
8	0
9	0
10	0
11	0
12	0
13	0
14	0
1	515620
2	89628
3	739
4	1665
5	89
6	27
7	0
8	0
9	0
10	0
11	0
12	0
13	0
14	0
1	586740
2	120486
3	812
4	12516
5	28
6	95
7	0
8	0
9	0
10	0
11	0
12	0
13	0
14	0
1	728980
2	152281
3	33101
4	181
5	137
6	2
7	0
8	2
9	0
10	0
11	0
12	0
13	0
14	0
1	35560
2	29397
3	472
4	1252
5	647
6	231
7	46
8	1
9	0
10	0
11	0
12	0
13	0
14	0
1	533400
2	129117
3	20284
4	8322
5	4
6	238
7	2
8	1
9	0
10	0
11	0
12	0
13	0
14	0
1	622300
2	41168
3	13292
4	4974
5	771
6	35
7	0
8	1
9	0
10	0
11	0
12	0
13	0
14	0
1	213360
2	9901
3	5749
4	635
5	7
6	0
7	25
8	0
9	0
10	0
11	0
12	0
13	0
14	0
1	1173480
2	79249
3	80
4	3221
5	193
6	8
7	0
8	3
9	0
10	0
11	0
12	0
13	0
14	0
1	213360
2	57437
3	37
4	156
5	18
6	17
7	1
8	0
9	0
10	0
11	0
12	0
13	0
14	0
1	568960
2	146402
3	23536
4	2751
5	6
6	6
7	22
8	0
9	0
10	0
11	0
12	0
13	0
14	0
1	35560
2	2073
3	18240
4	923
5	104
6	2
7	1
8	0
9	0
10	0
11	0
12	0
13	0
14	0
1	213360
2	1505
3	7119
4	2655
5	260
6	3
7	1
8	0
9	0
10	0
11	0
12	0
13	0
14	0
1	1155700
2	41660
3	660
4	2202
5	237
6	54
7	10
8	0
9	1
10	0
11	0
12	0
13	0
14	0
1	17780
2	122985
3	945
4	5375
5	311
6	5
7	2
8	1
9	0
10	0
11	0
12	0
13	0
14	0
1	391160
2	45346
3	14498
4	2594
5	877
6	0
7	7
8	11
9	0
10	0
11	0
12	0
13	0
14	0
1	1173480
2	1259
3	13758
4	6795
5	12
6	0
7	1
8	1
9	0
10	0
11	0
12	0
13	0
14	0
1	586740
2	106661
3	2008
4	702
5	9
6	6
7	0
8	0
9	0
10	0
11	0
12	0
13	0
14	0
1	586740
2	257137
3	2018
4	2600
5	3
6	3
7	0
8	0
9	0
10	0
11	0
12	0
13	0
14	0
1	35560
2	110271
3	25430
4	520
5	266
6	5
7	0
8	0
9	0
10	0
11	0
12	0
13	0
14	0
1	320040
2	1905
3	19065
4	250
5	148
6	3
7	4
8	0
9	0
10	0
11	0
12	0
13	0
14	0
1	391160
2	183902
3	21221
4	5132
5	108
6	1
7	0
8	0
9	0
10	0
11	0
12	0
13	0
14	0
1	568960
2	8262
3	21310
4	4796
5	573
6	25
7	3
8	0
9	0
10	0
11	0
12	0
13	0
14	0
1	533400
2	53180
3	20432
4	184
5	30
6	12
7	1
8	0
9	0
10	0
11	0
12	0
13	0
14	0
1	320040
2	119212
3	4678
4	36
5	10
6	11
7	1
8	0
9	0
10	0
11	0
12	0
13	0
14	0
1	320040
2	68969
3	10953
4	225
5	1
6	17
7	2
8	0
9	0
10	0
11	0
12	0
13	0
14	0
1	533400
2	146854
3	2843
4	1043
5	2610
6	32
7	0
8	0
9	0
10	0
11	0
12	0
13	0
14	0
1	622300
2	2415
3	14082
4	13
5	131
6	8
7	0
8	0
9	0
10	0
11	0
12	0
13	0
14	0
1	889000
2	108841
3	1247
4	4260
5	484
6	15
7	0
8	0
9	0
10	0
11	0
12	0
13	0
14	0
1	320040
2	86490
3	2649
4	7097
5	1264
6	1
7	1
8	0
9	0
10	0
11	0
12	0
13	0
14	0
1	124460
2	22718
3	15663
4	3478
5	13
6	5
7	0
8	0
9	0
10	0
11	0
12	0
13	0
14	0
1	391160
2	166047
3	287
4	45
5	0
6	26
7	0
8	3
9	0
10	0
11	0
12	0
13	0
14	0
1	1066800
2	3251
3	322
4	103
5	3
6	48
7	0
8	0
9	0
10	0
11	0
12	0
13	0
14	0
1	586740
2	56770
3	8928
4	4968
5	533
6	167
7	0
8	0
9	0
10	0
11	0
12	0
13	0
14	0
1	213360
2	159361
3	958
4	2290
5	17
6	23
7	0
8	1
9	0
10	0
11	0
12	0
13	0
14	0
1	640080
2	45750
3	28076
4	9518
5	48
6	12
7	0
8	0
9	0
10	0
11	0
12	0
13	0
14	0
1	1155700
2	185794
3	19816
4	2016
5	154
6	256
7	3
8	0
9	0
10	0
11	0
12	0
13	0
14	0
1	640080
2	51787
3	4089
4	6159
5	110
6	8
7	9
8	0
9	0
10	0
11	0
12	0
13	0
14	0
1	17780
2	67887
3	7708
4	186
5	708
6	9
7	2
8	0
9	0
10	0
11	0
12	0
13	0
14	0
1	640080
2	50153
3	1651
4	401
5	943
6	28
7	17
8	0
9	0
10	0
11	0
12	0
13	0
14	0
1	1066800
2	246695
3	6808
4	829
5	1
6	1
7	0
8	0
9	0
10	0
11	0
12	0
13	0
14	0
1	1155700
2	33445
3	12044
4	1503
5	0
6	163
7	4
8	0
9	0
10	0
11	0
12	0
13	0
14	0
1	320040
2	2499
3	2323
4	1172
5	116
6	2
7	9
8	6
9	1
10	0
11	0
12	0
13	0
14	0
1	35560
2	57129
3	6001
4	4828
5	83
6	1
7	1
8	0
9	0
10	0
11	0
12	0
13	0
14	0
1	942340
2	1566
3	567
4	865
5	1
6	4
7	0
8	3
9	0
10	0
11	0
12	0
13	0
14	0
1	533400
2	84508
3	868
4	1944
5	1
6	5
7	12
8	1
9	0
10	0
11	0
12	0
13	0
14	0
1	320040
2	71160
3	37408
4	15
5	84
6	3
7	11
8	0
9	0
10	0
11	0
12	0
13	0
14	0
1	320040
2	137341
3	28051
4	146
5	544
6	68
7	19
8	0
9	0
10	0
11	0
12	0
13	0
14	0
1	586740
2	82094
3	19821
4	2007
5	56
6	262
7	53
8	0
9	0
10	0
11	0
12	0
13	0
14	0
1	35560
2	137834
3	736
4	107
5	326
6	0
7	2
8	1
9	0
10	0
11	0
12	0
13	0
14	0
1	551180
2	73062
3	7517
4	1853
5	1
6	4
7	1
8	0
9	0
10	0
11	0
12	0
13	0
14	0
1	1155700
2	122985
3	559
4	51
5	766
6	38
7	18
8	1
9	0
10	0
11	0
12	0
13	0
14	0
1	889000
2	126858
3	5862
4	3274
5	35
6	42
7	0
8	0
9	1
10	0
11	0
12	0
13	0
14	0
1	213360
2	89730
3	92
4	3398
5	116
6	5
7	7
8	1
9	0
10	0
11	0
12	0
13	0
14	0
1	515620
2	2933
3	4835
4	333
5	42
6	48
7	11
8	0
9	0
10	0
11	0
12	0
13	0
14	0
1	889000
2	55397
3	172
4	3521
5	1456
6	50
7	0
8	0
9	1
10	0
11	0
12	0
13	0
14	0
1	213360
2	1003
3	39565
4	6409
5	46
6	3
7	20
8	0
9	0
10	0
11	0
12	0
13	0
14	0
1	35560
2	110271
3	10783
4	99
5	39
6	74
7	10
8	0
9	0
10	0
11	0
12	0
13	0
14	0
1	568960
2	10645
3	8474
4	10
5	41
6	9
7	0
8	0
9	0
10	0
11	0
12	0
13	0
14	0
1	942340
2	94490
3	18272
4	4710
5	3672
6	11
7	18
8	0
9	0
10	0
11	0
12	0
13	0
14	0
1	213360
2	152281
3	7747
4	824
5	410
6	112
7	3
8	0
9	0
10	0
11	0
12	0
13	0
14	0
1	1155700
2	50237
3	13793
4	3
5	331
6	88
7	0
8	0
9	0
10	0
11	0
12	0
13	0
14	0
1	1173480
2	27202
3	659
4	160
5	11
6	0
7	0
8	2
9	0
10	0
11	0
12	0
13	0
14	0
1	586740
2	45282
3	491
4	240
5	118
6	0
7	39
8	1
9	0
10	0
11	0
12	0
13	0
14	0
1	1102360
2	109788
3	10058
4	60
5	0
6	2
7	0
8	0
9	1
10	0
11	0
12	0
13	0
14	0
1	533400
2	4932
3	28827
4	1453
5	679
6	3
7	1
8	0
9	1
10	0
11	0
12	0
13	0
14	0
1	320040
2	152638
3	2939
4	4828
5	225
6	88
7	66
8	0
9	0
10	0
11	0
12	0
13	0
14	0
1	213360
2	127658
3	5457
4	25
5	75
6	5
7	2
8	0
9	0
10	0
11	0
12	0
13	0
14	0
1	622300
2	97559
3	40667
4	8574
5	7
6	169
7	0
8	0
9	0
10	0
11	0
12	0
13	0
14	0
1	533400
2	137012
3	1808
4	3717
5	190
6	47
7	0
8	0
9	0
10	0
11	0
12	0
13	0
14	0
1	1173480
2	3666
3	30581
4	902
5	211
6	15
7	1
8	0
9	0
10	0
11	0
12	0
13	0
14	0
1	1066800
2	73428
3	13220
4	1245
5	50
6	37
7	0
8	0
9	0
10	0
11	0
12	0
13	0
14	0
1	124460
2	50776
3	21981
4	4746
5	73
6	23
7	0
8	0
9	0
10	0
11	0
12	0
13	0
14	0
1	1102360
2	81941
3	46018
4	1145
5	127
6	209
7	7
8	0
9	0
10	0
11	0
12	0
13	0
14	0
1	515620
2	18642
3	60011
4	3534
5	8
6	115
7	4
8	0
9	0
10	0
11	0
12	0
13	0
14	0
1	320040
2	10477
3	14346
4	3186
5	389
6	61
7	0
8	1
9	0
10	0
11	0
12	0
13	0
14	0
1	586740
2	34426
3	5133
4	45
5	550
6	200
7	33
8	0
9	0
10	0
11	0
12	0
13	0
14	0
1	1173480
2	21899
3	2114
4	1718
5	391
6	0
7	0
8	0
9	0
10	0
11	0
12	0
13	0
14	0
1	320040
2	5033
3	3674
4	3817
5	82
6	8
7	6
8	0
9	0
10	0
11	0
12	0
13	0
14	0
1	1066800
2	29714
3	13749
4	2412
5	1902
6	4
7	1
8	1
9	0
10	0
11	0
12	0
13	0
14	0
1	391160
2	2933
3	51831
4	6
5	223
6	2
7	0
8	0
9	0
10	0
11	0
12	0
13	0
14	0
1	320040
2	148144
3	6486
4	1348
5	9
6	5
7	1
8	12
9	0
10	0
11	0
12	0
13	0
14	0
1	320040
2	91939
3	7776
4	4704
5	42
6	81
7	1
8	0
9	0
10	0
11	0
12	0
13	0
14	0
1	640080
2	94150
3	13694
4	310
5	14
6	16
7	1
8	0
9	0
10	0
11	0
12	0
13	0
14	0
1	1102360
2	68174
3	12525
4	2016
5	80
6	1
7	1
8	0
9	0
10	0
11	0
12	0
13	0
14	0
1	1102360
2	2938
3	12681
4	1278
5	499
6	5
7	0
8	0
9	0
10	0
11	0
12	0
13	0
14	0
1	320040
2	94724
3	33765
4	920
5	211
6	130
7	7
8	6
9	0
10	0
11	0
12	0
13	0
14	0
1	568960
2	112659
3	1467
4	447
5	35
6	5
7	0
8	1
9	0
10	0
11	0
12	0
13	0
14	0
1	533400
2	4195
3	11725
4	5336
5	21
6	112
7	0
8	0
9	0
10	0
11	0
12	0
13	0
14	0
1	515620
2	46887
3	1426
4	1549
5	30
6	1
7	7
8	0
9	0
10	0
11	0
12	0
13	0
14	0
1	533400
2	184211
3	29804
4	1862
5	32
6	9
7	0
8	0
9	0
10	0
11	0
12	0
13	0
14	0
1	533400
2	28331
3	33964
4	1219
5	70
6	45
7	5
8	0
9	0
10	0
11	0
12	0
13	0
14	0
1	35560
2	85223
3	10885
4	161
5	38
6	9
7	1
8	0
9	0
10	0
11	0
12	0
13	0
14	0
1	640080
2	228866
3	14807
4	820
5	0
6	6
7	5
8	0
9	0
10	0
11	0
12	0
13	0
14	0
1	124460
2	7234
3	1292
4	3446
5	13
6	98
7	0
8	0
9	0
10	0
11	0
12	0
13	0
14	0
1	391160
2	80473
3	445
4	264
5	1242
6	2
7	0
8	1
9	0
10	0
11	0
12	0
13	0
14	0
1	35560
2	215105
3	11725
4	3929
5	163
6	2
7	7
8	0
9	0
10	0
11	0
12	0
13	0
14	0
1	1173480
2	222961
3	260
4	1836
5	244
6	3
7	4
8	0
9	0
10	0
11	0
12	0
13	0
14	0
1	124460
2	133132
3	2159
4	37
5	213
6	3
7	2
8	0
9	0
10	0
11	0
12	0
13	0
14	0
1	640080
2	54094
3	11675
4	117
5	0
6	91
7	22
8	2
9	0
10	0
11	0
12	0
13	0
14	0
1	213360
2	17963
3	2994
4	63
5	62
6	37
7	4
8	2
9	0
10	0
11	0
12	0
13	0
14	0
1	889000
2	5555
3	5338
4	169
5	12
6	8
7	1
8	3
9	2
10	0
11	0
12	0
13	0
14	0
1	728980
2	166047
3	8338
4	140
5	803
6	2
7	1
8	1
9	0
10	0
11	0
12	0
13	0
14	0
1	391160
2	84383
3	26
4	6583
5	123
6	1
7	1
8	1
9	0
10	0
11	0
12	0
13	0
14	0
1	533400
2	98922
3	32318
4	794
5	720
6	11
7	0
8	0
9	0
10	0
11	0
12	0
13	0
14	0
1	1155700
2	86629
3	5457
4	107
5	214
6	47
7	5
8	0
9	0
10	0
11	0
12	0
13	0
14	0
1	124460
2	66759
3	31256
4	407
5	393
6	92
7	31
8	1
9	0
10	0
11	0
12	0
13	0
14	0
1	533400
2	141860
3	3065
4	446
5	380
6	15
7	24
8	0
9	0
10	0
11	0
12	0
13	0
14	0
1	1155700
2	133132
3	4124
4	1135
5	51
6	9
7	2
8	2
9	0
10	0
11	0
12	0
13	0
14	0
1	640080
2	82094
3	439
4	3919
5	79
6	49
7	0
8	0
9	0
10	0
11	0
12	0
13	0
14	0
1	568960
2	17924
3	26580
4	115
5	130
6	4
7	0
8	2
9	1
10	0
11	0
12	0
13	0
14	0
1	391160
2	46887
3	7708
4	1120
5	1145
6	1
7	9
8	0
9	0
10	0
11	0
12	0
13	0
14	0
1	551180
2	50585
3	2949
4	2442
5	26
6	169
7	0
8	0
9	0
10	0
11	0
12	0
13	0
14	0
1	391160
2	133116
3	31256
4	692
5	187
6	0
7	0
8	0
9	0
10	0
11	0
12	0
13	0
14	0
1	515620
2	136626
3	7119
4	122
5	119
6	99
7	1
8	0
9	0
10	0
11	0
12	0
13	0
14	0
1	942340
2	124550
3	57899
4	1295
5	8
6	57
7	0
8	0
9	0
10	0
11	0
12	0
13	0
14	0
1	942340
2	238327
3	3078
4	9
5	409
6	29
7	2
8	1
9	0
10	0
11	0
12	0
13	0
14	0
1	320040
2	4621
3	34525
4	1356
5	398
6	40
7	0
8	0
9	0
10	0
11	0
12	0
13	0
14	0
1	728980
2	89628
3	9446
4	5258
5	70
6	239
7	0
8	5
9	0
10	0
11	0
12	0
13	0
14	0
1	213360
2	238327
3	4239
4	377
5	156
6	2
7	0
8	0
9	0
10	0
11	0
12	0
13	0
14	0
1	533400
2	8262
3	2839
4	88
5	765
6	0
7	2
8	1
9	0
10	0
11	0
12	0
13	0
14	0
1	515620
2	50449
3	7261
4	5294
5	48
6	12
7	0
8	0
9	0
10	0
11	0
12	0
13	0
14	0
1	213360
2	10645
3	8251
4	487
5	0
6	112
7	8
8	1
9	0
10	0
11	0
12	0
13	0
14	0
1	533400
2	46887
3	2599
4	55
5	0
6	0
7	1
8	1
9	0
10	0
11	0
12	0
13	0
14	0
1	213360
2	100836
3	416
4	14
5	10
6	4
7	0
8	0
9	0
10	0
11	0
12	0
13	0
14	0
1	320040
2	142308
3	23104
4	173
5	34
6	71
7	0
8	0
9	0
10	0
11	0
12	0
13	0
14	0
1	889000
2	59848
3	416
4	5223
5	1453
6	82
7	10
8	1
9	0
10	0
11	0
12	0
13	0
14	0
1	942340
2	9103
3	33090
4	6409
5	475
6	186
7	1
8	0
9	0
10	0
11	0
12	0
13	0
14	0
1	515620
2	48402
3	30663
4	35
5	3
6	1
7	0
8	3
9	0
10	0
11	0
12	0
13	0
14	0
1	391160
2	42902
3	10783
4	3472
5	343
6	75
7	0
8	0
9	0
10	0
11	0
12	0
13	0
14	0
1	533400
2	86490
3	44803
4	4458
5	17
6	4
7	5
8	0
9	0
10	0
11	0
12	0
13	0
14	0
1	568960
2	86764
3	1299
4	1545
5	291
6	1
7	15
8	0
9	0
10	0
11	0
12	0
13	0
14	0
1	213360
2	75900
3	25043
4	407
5	22
6	11
7	0
8	0
9	0
10	0
11	0
12	0
13	0
14	0
1	551180
2	89628
3	432
4	21
5	243
6	3
7	1
8	2
9	0
10	0
11	0
12	0
13	0
14	0
1	551180
2	146402
3	9224
4	1751
5	3
6	51
7	12
8	0
9	0
10	0
11	0
12	0
13	0
14	0
1	533400
2	200909
3	1346
4	968
5	739
6	0
7	0
8	0
9	2
10	0
11	0
12	0
13	0
14	0
1	124460
2	29750
3	14989
4	741
5	309
6	37
7	3
8	4
9	0
10	0
11	0
12	0
13	0
14	0
1	1173480
2	28331
3	2196
4	2567
5	111
6	41
7	0
8	0
9	0
10	0
11	0
12	0
13	0
14	0
1	640080
2	124550
3	19304
4	546
5	13
6	7
7	5
8	0
9	0
10	0
11	0
12	0
13	0
14	0
1	515620
2	144938
3	30987
4	1155
5	8
6	59
7	0
8	0
9	0
10	0
11	0
12	0
13	0
14	0
1	551180
2	9407
3	22060
4	106
5	212
6	193
7	1
8	0
9	0
10	0
11	0
12	0
13	0
14	0
1	533400
2	46887
3	1377
4	439
5	8
6	32
7	0
8	0
9	0
10	0
11	0
12	0
13	0
14	0
1	213360
2	32011
3	7907
4	67
5	1
6	7
7	0
8	0
9	0
10	0
11	0
12	0
13	0
14	0
1	35560
2	132610
3	1861
4	97
5	4
6	96
7	0
8	2
9	0
10	0
11	0
12	0
13	0
14	0
1	213360
2	222161
3	4695
4	1130
5	19
6	1
7	0
8	4
9	0
10	1
11	0
12	0
13	0
14	0
1	889000
2	43715
3	940
4	120
5	632
6	21
7	11
8	1
9	0
10	0
11	0
12	0
13	0
14	0
1	1173480
2	2419
3	24318
4	3002
5	183
6	22
7	1
8	0
9	0
10	0
11	0
12	0
13	0
14	0
1	640080
2	20239
3	15002
4	1517
5	210
6	0
7	0
8	0
9	0
10	0
11	0
12	0
13	0
14	0
1	568960
2	5133
3	14416
4	280
5	65
6	43
7	0
8	0
9	0
10	0
11	0
12	0
13	0
14	0
1	533400
2	127658
3	12844
4	1128
5	550
6	2
7	0
8	1
9	0
10	0
11	0
12	0
13	0
14	0
1	728980
2	34175
3	4908
4	1294
5	357
6	2
7	24
8	0
9	1
10	0
11	0
12	0
13	0
14	0
1	1066800
2	5016
3	16207
4	4
5	46
6	0
7	5
8	0
9	2
10	0
11	0
12	0
13	0
14	0
1	586740
2	133482
3	1377
4	23
5	0
6	40
7	3
8	0
9	0
10	0
11	0
12	0
13	0
14	0
1	213360
2	7181
3	61222
4	2970
5	280
6	101
7	5
8	0
9	0
10	0
11	0
12	0
13	0
14	0
1	124460
2	96627
3	5213
4	1403
5	45
6	5
7	0
8	0
9	0
10	0
11	0
12	0
13	0
14	0
1	533400
2	81941
3	18016
4	275
5	86
6	16
7	0
8	0
9	0
10	0
11	0
12	0
13	0
14	0
1	622300
2	127658
3	594
4	175
5	0
6	1
7	10
8	1
9	0
10	0
11	0
12	0
13	0
14	0
1	977900
2	233313
3	11160
4	99
5	133
6	0
7	0
8	0
9	0
10	0
11	0
12	0
13	0
14	0
1	1173480
2	130455
3	35407
4	53
5	1120
6	0
7	0
8	0
9	0
10	0
11	0
12	0
13	0
14	0
1	213360
2	110271
3	4728
4	78
5	414
6	50
7	0
8	0
9	0
10	0
11	0
12	0
13	0
14	0
1	320040
2	34015
3	19178
4	2009
5	28
6	0
7	1
8	0
9	0
10	0
11	0
12	0
13	0
14	0
1	1102360
2	230459
3	22439
4	0
5	201
6	19
7	0
8	0
9	1
10	0
11	0
12	0
13	0
14	0
1	622300
2	130533
3	606
4	671
5	107
6	1
7	1
8	0
9	0
10	0
11	0
12	0
13	0
14	0
1	728980
2	81902
3	30308
4	164
5	21
6	0
7	6
8	0
9	0
10	0
11	0
12	0
13	0
14	0
1	17780
2	17774
3	4688
4	1313
5	608
6	15
7	5
8	6
9	0
10	0
11	0
12	0
13	0
14	0
1	640080
2	153147
3	1323
4	5852
5	334
6	4
7	0
8	0
9	0
10	0
11	0
12	0
13	0
14	0
1	320040
2	2614
3	3395
4	1269
5	52
6	3
7	4
8	0
9	0
10	0
11	0
12	0
13	0
14	0
1	35560
2	50237
3	13918
4	172
5	148
6	4
7	0
8	0
9	0
10	0
11	0
12	0
13	0
14	0
1	1155700
2	129117
3	11922
4	4
5	1598
6	1
7	23
8	1
9	0
10	0
11	0
12	0
13	0
14	0
1	942340
2	126858
3	17643
4	6630
5	131
6	73
7	3
8	0
9	0
10	0
11	0
12	0
13	0
14	0
1	1155700
2	4308
3	19757
4	3237
5	361
6	7
7	0
8	0
9	0
10	0
11	0
12	0
13	0
14	0
1	942340
2	4843
3	709
4	3485
5	325
6	1
7	0
8	2
9	0
10	0
11	0
12	0
13	0
14	0
1	889000
2	135423
3	11719
4	2603
5	504
6	6
7	0
8	0
9	0
10	0
11	0
12	0
13	0
14	0
1	640080
2	116116
3	3915
4	180
5	144
6	4
7	41
8	0
9	0
10	0
11	0
12	0
13	0
14	0
1	889000
2	2068
3	6125
4	963
5	7
6	18
7	2
8	1
9	0
10	0
11	0
12	0
13	0
14	0
1	515620
2	94150
3	1204
4	3
5	1
6	23
7	35
8	0
9	0
10	0
11	0
12	0
13	0
14	0
1	551180
2	87220
3	23208
4	3389
5	4
6	1
7	2
8	2
9	0
10	0
11	0
12	0
13	0
14	0
1	568960
2	77363
3	295
4	793
5	13
6	3
7	1
8	4
9	1
10	0
11	0
12	0
13	0
14	0
1	1173480
2	16752
3	17843
4	10185
5	145
6	1
7	28
8	0
9	0
10	0
11	0
12	0
13	0
14	0
1	640080
2	156581
3	11953
4	1368
5	415
6	44
7	0
8	0
9	0
10	0
11	0
12	0
13	0
14	0
1	533400
2	38665
3	2826
4	555
5	9
6	76
7	0
8	0
9	0
10	0
11	0
12	0
13	0
14	0
1	640080
2	82119
3	11049
4	9
5	141
6	467
7	1
8	0
9	0
10	0
11	0
12	0
13	0
14	0
1	320040
2	135423
3	12264
4	707
5	86
6	154
7	1
8	0
9	0
10	0
11	0
12	0
13	0
14	0
1	17780
2	246695
3	4769
4	737
5	3
6	1
7	0
8	0
9	1
10	0
11	0
12	0
13	0
14	0
1	1102360
2	5896
3	11184
4	1845
5	19
6	104
7	4
8	0
9	2
10	0
11	0
12	0
13	0
14	0
1	942340
2	116116
3	5083
4	23
5	3
6	2
7	1
8	1
9	0
10	0
11	0
12	0
13	0
14	0
1	1066800
2	73358
3	935
4	3893
5	11
6	62
7	1
8	0
9	0
10	0
11	0
12	0
13	0
14	0
1	533400
2	171693
3	28051
4	1524
5	69
6	110
7	25
8	0
9	0
10	0
11	0
12	0
13	0
14	0
1	889000
2	142308
3	5824
4	2167
5	16
6	12
7	4
8	0
9	0
10	0
11	0
12	0
13	0
14	0
1	533400
2	130455
3	918
4	4451
5	63
6	0
7	2
8	0
9	0
10	0
11	0
12	0
13	0
14	0
1	124460
2	136714
3	12068
4	4525
5	2
6	3
7	1
8	0
9	0
10	0
11	0
12	0
13	0
14	0
1	889000
2	94150
3	106
4	2666
5	142
6	3
7	8
8	0
9	0
10	0
11	0
12	0
13	0
14	0
1	515620
2	152638
3	6000
4	6617
5	442
6	141
7	9
8	0
9	0
10	0
11	0
12	0
13	0
14	0
1	889000
2	97559
3	293
4	24
5	106
6	0
7	12
8	0
9	0
10	0
11	0
12	0
13	0
14	0
1	320040
2	34426
3	1022
4	2725
5	4
6	68
7	0
8	0
9	0
10	0
11	0
12	0
13	0
14	0
1	889000
2	159361
3	81
4	974
5	6
6	56
7	0
8	2
9	0
10	0
11	0
12	0
13	0
14	0
1	622300
2	50237
3	6251
4	6775
5	7
6	4
7	6
8	0
9	0
10	0
11	0
12	0
13	0
14	0
1	622300
2	56655
3	4879
4	429
5	228
6	5
7	0
8	0
9	0
10	0
11	0
12	0
13	0
14	0
1	391160
2	3666
3	37957
4	1862
5	176
6	1
7	0
8	0
9	0
10	0
11	0
12	0
13	0
14	0
1	533400
2	98922
3	19367
4	4571
5	58
6	102
7	1
8	0
9	0
10	0
11	0
12	0
13	0
14	0
1	568960
2	49211
3	9510
4	69
5	791
6	0
7	17
8	0
9	0
10	0
11	0
12	0
13	0
14	0
1	1155700
2	28879
3	5361
4	1135
5	98
6	38
7	18
8	1
9	0
10	0
11	0
12	0
13	0
14	0
1	515620
2	180
3	29569
4	4127
5	278
6	18
7	29
8	0
9	0
10	0
11	0
12	0
13	0
14	0
1	320040
2	165166
3	145
4	145
5	1087
6	13
7	0
8	0
9	0
10	0
11	0
12	0
13	0
14	0
1	17780
2	1566
3	19082
4	3186
5	203
6	0
7	0
8	0
9	0
10	0
11	0
12	0
13	0
14	0
1	533400
2	130455
3	1531
4	11965
5	719
6	0
7	0
8	0
9	0
10	0
11	0
12	0
13	0
14	0
1	1102360
2	106738
3	10181
4	5029
5	7
6	0
7	0
8	0
9	0
10	0
11	0
12	0
13	0
14	0
1	533400
2	71396
3	23856
4	188
5	30
6	170
7	0
8	1
9	0
10	0
11	0
12	0
13	0
14	0
1	124460
2	75900
3	15406
4	66
5	36
6	56
7	0
8	0
9	0
10	0
11	0
12	0
13	0
14	0
1	551180
2	2531
3	12132
4	189
5	1572
6	3
7	2
8	0
9	0
10	0
11	0
12	0
13	0
14	0
1	622300
2	42841
3	7119
4	1475
5	6
6	155
7	0
8	0
9	0
10	0
11	0
12	0
13	0
14	0
1	533400
2	43715
3	1463
4	1446
5	287
6	0
7	1
8	0
9	0
10	0
11	0
12	0
13	0
14	0
1	213360
2	20239
3	8505
4	380
5	165
6	81
7	1
8	0
9	0
10	0
11	0
12	0
13	0
14	0
1	17780
2	50776
3	2839
4	298
5	470
6	26
7	65
8	0
9	0
10	0
11	0
12	0
13	0
14	0
1	977900
2	97559
3	411
4	4812
5	281
6	0
7	0
8	0
9	0
10	0
11	0
12	0
13	0
14	0
1	1155700
2	31947
3	10186
4	792
5	26
6	1
7	1
8	9
9	0
10	1
11	0
12	0
13	0
14	0
1	889000
2	82357
3	5500
4	2888
5	417
6	10
7	0
8	0
9	0
10	0
11	0
12	0
13	0
14	0
1	1155700
2	116116
3	13601
4	249
5	75
6	28
7	0
8	3
9	0
10	0
11	0
12	0
13	0
14	0
1	622300
2	171693
3	19196
4	546
5	2
6	0
7	0
8	0
9	0
10	0
11	0
12	0
13	0
14	0
1	213360
2	43715
3	4627
4	21
5	900
6	45
7	9
8	1
9	0
10	0
11	0
12	0
13	0
14	0
1	320040
2	129117
3	7443
4	77
5	27
6	26
7	0
8	0
9	0
10	0
11	0
12	0
13	0
14	0
1	17780
2	7181
3	52439
4	2076
5	157
6	23
7	0
8	0
9	0
10	0
11	0
12	0
13	0
14	0
1	586740
2	189817
3	11483
4	14
5	738
6	44
7	2
8	0
9	0
10	0
11	0
12	0
13	0
14	0
1	889000
2	7787
3	17233
4	105
5	1738
6	2
7	0
8	0
9	0
10	0
11	0
12	0
13	0
14	0
1	889000
2	5803
3	9881
4	17
5	212
6	61
7	0
8	0
9	0
10	0
11	0
12	0
13	0
14	0
1	1155700
2	9942
3	7361
4	43
5	220
6	56
7	1
8	0
9	0
10	0
11	0
12	0
13	0
14	0
1	533400
2	3120
3	5892
4	172
5	193
6	0
7	5
8	0
9	1
10	0
11	0
12	0
13	0
14	0
1	320040
2	86034
3	4944
4	1122
5	1097
6	10
7	1
8	3
9	0
10	0
11	0
12	0
13	0
14	0
1	515620
2	116669
3	20139
4	1263
5	111
6	30
7	0
8	0
9	0
10	0
11	0
12	0
13	0
14	0
1	551180
2	9901
3	14346
4	78
5	417
6	79
7	10
8	1
9	0
10	0
11	0
12	0
13	0
14	0
1	977900
2	81902
3	1204
4	116
5	471
6	28
7	1
8	0
9	0
10	0
11	0
12	0
13	0
14	0
1	551180
2	50916
3	131
4	3338
5	1452
6	23
7	0
8	0
9	0
10	0
11	0
12	0
13	0
14	0
1	320040
2	45346
3	27979
4	68
5	4
6	0
7	0
8	0
9	0
10	0
11	0
12	0
13	0
14	0
1	942340
2	9407
3	11775
4	175
5	223
6	2
7	0
8	0
9	0
10	0
11	0
12	0
13	0
14	0
1	391160
2	91939
3	439
4	146
5	3
6	0
7	1
8	1
9	0
10	0
11	0
12	0
13	0
14	0
1	889000
2	33445
3	2930
4	636
5	12
6	31
7	0
8	1
9	0
10	0
11	0
12	0
13	0
14	0
1	568960
2	67887
3	11719
4	1754
5	3
6	2
7	15
8	0
9	0
10	0
11	0
12	0
13	0
14	0
1	213360
2	133116
3	22042
4	1600
5	2
6	3
7	10
8	0
9	0
10	0
11	0
12	0
13	0
14	0
1	568960
2	30959
3	17214
4	958
5	6
6	25
7	1
8	0
9	0
10	0
11	0
12	0
13	0
14	0
1	17780
2	159361
3	4566
4	357
5	47
6	56
7	4
8	0
9	0
10	0
11	0
12	0
13	0
14	0
1	213360
2	75795
3	35003
4	311
5	62
6	101
7	1
8	0
9	1
10	0
11	0
12	0
13	0
14	0
1	391160
2	137012
3	7015
4	124
5	97
6	3
7	2
8	5
9	0
10	0
11	0
12	0
13	0
14	0
1	1155700
2	142308
3	48878
4	99
5	140
6	46
7	0
8	1
9	0
10	0
11	0
12	0
13	0
14	0
1	640080
2	137524
3	2194
4	313
5	11
6	38
7	0
8	0
9	0
10	0
11	0
12	0
13	0
14	0
1	1102360
2	152281
3	8505
4	5031
5	210
6	0
7	3
8	0
9	0
10	0
11	0
12	0
13	0
14	0
1	320040
2	87220
3	1299
4	198
5	216
6	0
7	9
8	3
9	0
10	0
11	0
12	0
13	0
14	0
1	942340
2	84573
3	11775
4	4712
5	1601
6	1
7	0
8	0
9	0
10	0
11	0
12	0
13	0
14	0
1	942340
2	89313
3	12581
4	580
5	412
6	1
7	1
8	0
9	1
10	0
11	0
12	0
13	0
14	0
1	124460
2	153147
3	491
4	724
5	332
6	23
7	3
8	0
9	0
10	0
11	0
12	0
13	0
14	0
1	320040
2	73062
3	8649
4	1167
5	3
6	6
7	0
8	0
9	0
10	0
11	0
12	0
13	0
14	0
1	320040
2	2068
3	34156
4	3569
5	36
6	50
7	6
8	0
9	0
10	0
11	0
12	0
13	0
14	0
1	17780
2	246695
3	495
4	350
5	904
6	0
7	1
8	0
9	0
10	0
11	0
12	0
13	0
14	0
1	1102360
2	57753
3	90
4	382
5	129
6	15
7	1
8	0
9	0
10	0
11	0
12	0
13	0
14	0
1	213360
2	139541
3	20497
4	175
5	31
6	11
7	2
8	0
9	0
10	0
11	0
12	0
13	0
14	0
1	533400
2	49211
3	33046
4	3579
5	99
6	172
7	2
8	1
9	0
10	0
11	0
12	0
13	0
14	0
1	533400
2	41168
3	14308
4	3558
5	42
6	0
7	20
8	1
9	0
10	0
11	0
12	0
13	0
14	0
1	1155700
2	246695
3	9063
4	1602
5	173
6	0
7	2
8	0
9	0
10	0
11	0
12	0
13	0
14	0
1	586740
2	86490
3	15362
4	228
5	8
6	15
7	0
8	5
9	0
10	0
11	0
12	0
13	0
14	0
1	533400
2	157280
3	12117
4	284
5	267
6	36
7	1
8	0
9	0
10	0
11	0
12	0
13	0
14	0
1	320040
2	28331
3	13837
4	332
5	197
6	44
7	0
8	2
9	0
10	0
11	0
12	0
13	0
14	0
1	942340
2	17771
3	4425
4	3289
5	130
6	15
7	1
8	7
9	0
10	0
11	0
12	0
13	0
14	0
1	1155700
2	163406
3	51886
4	173
5	116
6	144
7	3
8	0
9	0
10	0
11	0
12	0
13	0
14	0
1	942340
2	34426
3	653
4	1329
5	632
6	119
7	5
8	0
9	0
10	0
11	0
12	0
13	0
14	0
1	977900
2	124550
3	2659
4	6737
5	392
6	8
7	0
8	0
9	0
10	0
11	0
12	0
13	0
14	0
1	640080
2	84508
3	22631
4	12
5	717
6	7
7	1
8	0
9	0
10	0
11	0
12	0
13	0
14	0
1	942340
2	69367
3	33101
4	4111
5	474
6	40
7	13
8	0
9	0
10	0
11	0
12	0
13	0
14	0
1	942340
2	87220
3	4377
4	107
5	319
6	20
7	11
8	0
9	0
10	0
11	0
12	0
13	0
14	0
1	533400
2	44263
3	16183
4	122
5	421
6	9
7	4
8	0
9	0
10	0
11	0
12	0
13	0
14	0
1	977900
2	165166
3	22777
4	781
5	155
6	22
7	7
8	1
9	0
10	0
11	0
12	0
13	0
14	0
1	533400
2	86629
3	18272
4	6
5	18
6	32
7	2
8	0
9	0
10	0
11	0
12	0
13	0
14	0
1	640080
2	85223
3	55011
4	68
5	10
6	1
7	15
8	0
9	0
10	0
11	0
12	0
13	0
14	0
1	213360
2	130394
3	19082
4	5706
5	22
6	0
7	0
8	3
9	1
10	0
11	0
12	0
13	0
14	0
1	640080
2	2419
3	16804
4	13
5	7
6	3
7	14
8	0
9	0
10	0
11	0
12	0
13	0
14	0
1	551180
2	69367
3	13605
4	305
5	106
6	133
7	0
8	3
9	0
10	0
11	0
12	0
13	0
14	0
1	568960
2	153598
3	15663
4	1163
5	95
6	32
7	0
8	0
9	0
10	0
11	0
12	0
13	0
14	0
1	568960
2	109788
3	29112
4	93
5	1
6	0
7	0
8	0
9	0
10	0
11	0
12	0
13	0
14	0
1	622300
2	110271
3	439
4	99
5	56
6	11
7	0
8	0
9	0
10	0
11	0
12	0
13	0
14	0
1	568960
2	4787
3	12677
4	54
5	43
6	135
7	3
8	0
9	0
10	0
11	0
12	0
13	0
14	0
1	942340
2	2933
3	6290
4	966
5	12
6	0
7	3
8	0
9	0
10	0
11	0
12	0
13	0
14	0
1	533400
2	2737
3	16236
4	2246
5	28
6	53
7	0
8	1
9	1
10	0
11	0
12	0
13	0
14	0
1	391160
2	53433
3	7517
4	84
5	13
6	73
7	4
8	1
9	0
10	0
11	0
12	0
13	0
14	0
1	1173480
2	94490
3	336
4	3032
5	3
6	0
7	8
8	0
9	0
10	0
11	0
12	0
13	0
14	0
1	1066800
2	4195
3	7127
4	1581
5	166
6	4
7	1
8	0
9	0
10	0
11	0
12	0
13	0
14	0
1	320040
2	161000
3	18979
4	1478
5	28
6	25
7	1
8	0
9	0
10	0
11	0
12	0
13	0
14	0
1	1102360
2	222161
3	6888
4	2134
5	166
6	2
7	10
8	0
9	0
10	0
11	0
12	0
13	0
14	0
1	942340
2	41660
3	11888
4	5138
5	248
6	7
7	1
8	1
9	0
10	0
11	0
12	0
13	0
14	0
1	586740
2	29469
3	5626
4	375
5	2
6	0
7	0
8	0
9	0
10	0
11	0
12	0
13	0
14	0
1	942340
2	97559
3	19542
4	619
5	628
6	90
7	5
8	0
9	2
10	0
11	0
12	0
13	0
14	0
1	533400
2	82102
3	22729
4	47
5	142
6	0
7	0
8	0
9	0
10	0
11	0
12	0
13	0
14	0
1	320040
2	28749
3	20287
4	6972
5	1091
6	6
7	12
8	0
9	0
10	0
11	0
12	0
13	0
14	0
1	551180
2	153598
3	15938
4	620
5	84
6	0
7	0
8	0
9	0
10	0
11	0
12	0
13	0
14	0
1	320040
2	73062
3	196
4	1323
5	852
6	102
7	7
8	0
9	0
10	0
11	0
12	0
13	0
14	0
1	640080
2	130455
3	8920
4	3152
5	0
6	1
7	0
8	1
9	0
10	0
11	0
12	0
13	0
14	0
1	640080
2	175971
3	9224
4	2798
5	9
6	0
7	0
8	0
9	0
10	0
11	0
12	0
13	0
14	0
1	977900
2	5033
3	962
4	37
5	8
6	5
7	0
8	0
9	0
10	0
11	0
12	0
13	0
14	0
1	1102360
2	137524
3	18581
4	134
5	307
6	0
7	11
8	0
9	0
10	0
11	0
12	0
13	0
14	0
1	213360
2	2737
3	1588
4	1138
5	1412
6	3
7	0
8	0
9	0
10	0
11	0
12	0
13	0
14	0
1	391160
2	3092
3	38992
4	5834
5	760
6	5
7	11
8	0
9	0
10	0
11	0
12	0
13	0
14	0
1	1155700
2	56770
3	5083
4	671
5	42
6	1
7	2
8	0
9	0
10	0
11	0
12	0
13	0
14	0
1	1066800
2	57753
3	6069
4	596
5	326
6	2
7	1
8	0
9	0
10	0
11	0
12	0
13	0
14	0
1	17780
2	10645
3	20028
4	6350
5	644
6	39
7	0
8	0
9	0
10	0
11	0
12	0
13	0
14	0
1	568960
2	48438
3	214
4	142
5	0
6	0
7	2
8	0
9	0
10	0
11	0
12	0
13	0
14	0
1	17780
2	222161
3	2036
4	97
5	1065
6	28
7	0
8	1
9	0
10	0
11	0
12	0
13	0
14	0
1	640080
2	151212
3	17540
4	107
5	306
6	1
7	1
8	2
9	0
10	0
11	0
12	0
13	0
14	0
1	1102360
2	48402
3	4275
4	2036
5	539
6	99
7	1
8	0
9	0
10	0
11	0
12	0
13	0
14	0
1	640080
2	9942
3	1337
4	229
5	587
6	3
7	6
8	0
9	0
10	0
11	0
12	0
13	0
14	0
1	977900
2	68174
3	4339
4	4412
5	17
6	1
7	1
8	0
9	0
10	0
11	0
12	0
13	0
14	0
1	640080
2	2933
3	12132
4	1477
5	0
6	57
7	0
8	0
9	0
10	0
11	0
12	0
13	0
14	0
1	391160
2	4002
3	32232
4	895
5	5
6	0
7	0
8	0
9	0
10	0
11	0
12	0
13	0
14	0
1	977900
2	45346
3	2651
4	475
5	1051
6	0
7	3
8	0
9	0
10	0
11	0
12	0
13	0
14	0
1	977900
2	31823
3	20946
4	2008
5	153
6	0
7	1
8	1
9	0
10	0
11	0
12	0
13	0
14	0
1	515620
2	51787
3	8571
4	2542
5	27
6	0
7	1
8	0
9	0
10	0
11	0
12	0
13	0
14	0
1	1066800
2	86490
3	18221
4	91
5	0
6	4
7	3
8	1
9	0
10	0
11	0
12	0
13	0
14	0
1	213360
2	9901
3	22042
4	43
5	726
6	0
7	0
8	0
9	0
10	0
11	0
12	0
13	0
14	0
1	728980
2	129117
3	7164
4	2157
5	406
6	37
7	10
8	0
9	0
10	0
11	0
12	0
13	0
14	0
1	391160
2	31661
3	1101
4	97
5	158
6	364
7	0
8	0
9	0
10	0
11	0
12	0
13	0
14	0
1	622300
2	130394
3	11679
4	1998
5	301
6	136
7	0
8	0
9	0
10	0
11	0
12	0
13	0
14	0
1	533400
2	278098
3	1518
4	3624
5	22
6	1
7	1
8	0
9	0
10	0
11	0
12	0
13	0
14	0
1	1102360
2	257137
3	177
4	9518
5	121
6	0
7	3
8	0
9	0
10	0
11	0
12	0
13	0
14	0
1	640080
2	45967
3	1554
4	863
5	119
6	20
7	58
8	0
9	0
10	0
11	0
12	0
13	0
14	0
1	728980
2	43715
3	80
4	242
5	13
6	78
7	0
8	1
9	0
10	0
11	0
12	0
13	0
14	0
1	515620
2	34426
3	405
4	3175
5	7
6	0
7	0
8	0
9	0
10	0
11	0
12	0
13	0
14	0
1	17780
2	136626
3	2649
4	319
5	2
6	37
7	7
8	0
9	0
10	0
11	0
12	0
13	0
14	0
