GM10847	GM12878	GM12891	GM12892	GM15510	GM18505	GM18951	GM19099	A549	HUVEC	IMR90	SGBS	Beas	AC16
0	106	105	21	4	5	31	25	217	104	130	402	20	8
27	115	64	14	31	0	62	49	104	57	58	268	81	4
11	108	48	10	8	0	0	17	170	100	214	200	26	4
16	68	39	6	0	0	23	86	199	27	72	149	37	3
14	42	28	8	0	8	11	92	63	134	78	506	0	0
10	86	55	7	7	5	33	29	164	150	109	315	21	3
6	197	57	5	0	5	16	21	80	93	111	119	123	5
0	111	81	14	29	11	24	53	69	137	131	293	34	1
9	166	73	18	9	27	49	26	136	65	147	251	49	14
0	134	41	16	7	0	18	26	68	3	88	236	87	5
14	83	59	22	0	15	14	24	163	11	48	290	24	7
0	40	50	0	0	13	9	43	109	56	165	275	59	0
0	78	46	0	7	10	4	11	180	124	93	391	92	4
5	20	43	0	5	9	0	23	107	9	63	298	54	5
4	119	18	10	0	14	22	13	128	198	70	200	37	6
0	93	31	0	0	4	0	18	47	172	132	331	124	23
5	150	59	8	6	17	11	22	129	127	108	402	75	16
4	172	64	8	4	13	21	47	66	59	90	407	38	0
6	110	100	12	0	0	0	33	139	52	91	371	31	12
4	83	37	4	4	9	19	70	144	151	152	449	204	0
0	130	23	0	7	12	13	64	175	39	110	281	97	0
5	92	59	12	0	5	7	35	196	115	147	455	55	44
12	61	54	10	14	5	27	89	180	95	60	370	52	7
9	89	56	22	0	0	15	68	241	148	251	469	31	3
5	41	51	4	0	0	19	20	81	87	184	287	30	0
30	203	50	34	18	4	17	64	168	69	98	525	26	9
0	127	71	14	4	4	12	62	146	72	257	379	75	4
11	99	84	3	7	20	7	12	235	69	202	477	112	0
13	138	92	8	0	7	41	38	148	149	89	459	90	4
9	76	54	15	0	4	13	49	183	54	245	369	62	0
10	198	118	19	24	10	25	48	75	89	141	360	272	0
0	106	56	39	14	9	23	57	199	44	61	440	57	17
14	234	46	16	9	4	15	50	258	91	115	434	127	4
12	133	22	8	10	19	4	41	183	49	198	375	57	22
8	82	38	3	4	10	9	29	154	91	140	348	37	5
5	36	31	5	15	0	34	24	192	135	111	344	142	13
11	146	77	15	11	0	0	38	67	121	57	301	70	0
6	86	36	4	8	17	0	13	63	16	172	184	45	5
0	67	5	0	9	10	23	12	115	55	113	323	12	0
4	26	24	7	0	6	15	5	164	68	101	211	69	4
0	85	14	8	0	0	9	4	91	52	128	436	42	0
15	67	22	5	0	0	8	42	213	13	142	511	67	0
5	131	20	4	3	6	11	5	78	72	157	172	44	0
4	97	34	7	0	4	26	34	54	31	85	235	39	12
0	26	41	10	0	0	10	5	67	77	131	374	47	4
5	200	8	0	10	0	10	23	134	130	100	179	30	4
10	56	38	12	14	14	6	25	82	54	103	381	80	0
3	118	27	8	12	9	15	7	74	58	152	292	121	13
9	74	52	4	7	4	16	15	108	33	158	473	58	6
0	198	57	0	20	12	21	26	168	54	82	368	20	0
9	144	40	3	13	0	11	8	52	9	76	141	59	9
4	88	27	9	4	14	9	26	245	73	166	248	81	0
6	75	53	25	11	0	11	19	167	134	272	367	75	0
32	123	38	12	0	24	5	45	157	63	119	438	29	13
10	95	26	4	8	7	17	16	67	70	164	263	63	10
11	116	20	8	5	0	8	8	53	36	87	316	14	5
0	40	47	28	0	8	9	5	53	47	85	176	24	0
3	111	20	0	0	0	12	23	17	34	77	265	58	0
10	9	37	8	7	12	5	0	37	14	36	196	7	0
0	28	15	0	4	4	3	4	21	0	53	90	41	0
0	16	25	0	0	0	0	20	9	81	57	336	11	3
3	86	24	0	0	12	4	18	35	62	114	185	32	0
0	46	16	4	0	5	5	14	68	4	117	105	17	0
9	78	34	0	4	9	24	60	115	26	76	387	35	0
6	74	68	10	0	0	8	11	59	7	54	141	26	5
0	45	32	0	0	0	0	11	89	5	125	110	0	0
4	147	56	13	10	4	4	19	40	33	68	158	46	0
0	73	43	0	4	17	0	11	95	82	117	128	53	4
8	43	49	9	4	4	22	25	99	69	196	292	55	5
0	30	65	0	0	0	0	10	20	60	35	140	40	0
0	60	30	8	0	8	6	4	99	64	119	228	12	0
14	47	17	3	0	4	9	21	92	49	43	280	52	12
0	43	60	0	4	0	4	4	138	10	131	223	0	0
13	134	73	23	3	26	19	0	57	183	49	108	16	0
9	0	25	14	0	4	0	4	14	12	66	163	11	9
13	38	12	0	0	14	27	25	28	20	130	277	6	4
9	60	11	11	0	5	0	3	76	0	101	125	0	0
0	43	15	4	4	6	0	42	82	52	80	145	37	0
0	37	45	13	0	0	7	48	178	47	78	286	63	0
17	142	37	12	7	7	16	42	32	68	131	359	21	14
22	88	47	0	0	0	18	17	149	13	109	316	71	4
0	57	66	0	14	0	8	0	92	27	90	100	52	0
0	68	23	0	0	0	6	20	47	0	51	202	33	0
0	124	14	24	0	11	14	4	49	10	91	103	35	0
19	26	29	8	6	0	3	10	23	18	73	214	17	10
5	30	48	15	0	5	45	12	38	0	78	209	36	5
0	44	18	5	8	17	0	13	55	15	45	224	21	17
0	69	64	0	5	0	0	6	51	48	33	232	7	0
9	95	28	0	0	4	5	10	51	21	103	117	0	0
8	131	21	19	0	9	0	0	80	34	31	68	20	5
5	40	17	0	0	0	12	15	10	64	109	241	54	11
0	80	9	17	0	3	25	15	96	81	177	208	34	0
9	96	19	5	4	0	0	18	132	9	68	205	32	4
5	65	16	4	0	0	10	28	43	5	15	131	0	0
10	68	4	0	0	5	10	9	152	16	62	172	17	0
0	26	27	23	5	4	3	5	15	96	85	160	10	5
0	86	34	0	8	0	0	37	22	8	10	137	0	0
0	22	38	4	0	6	0	16	8	27	48	173	0	0
5	33	15	0	3	5	26	48	36	0	65	130	6	0
0	18	11	0	5	10	0	4	40	3	83	213	0	4
3	13	4	0	0	9	3	23	34	37	52	122	6	7
0	52	16	0	0	0	4	0	36	39	30	149	18	0
0	85	58	20	0	0	6	17	23	7	24	226	10	4
0	56	15	0	0	0	0	0	20	5	27	46	24	5
3	33	14	0	5	0	13	4	51	6	0	37	14	3
0	50	5	0	0	0	5	19	14	7	0	121	0	0
12	31	9	0	0	3	6	10	65	47	113	134	41	7
9	61	5	6	9	10	16	36	100	29	43	134	230	0
5	79	12	0	0	0	3	0	85	10	48	73	18	0
0	14	0	0	0	0	5	8	47	76	12	146	24	0
0	9	40	8	4	9	0	4	9	35	62	174	11	0
0	16	10	0	4	4	16	13	0	12	73	69	28	11
5	41	29	13	0	0	11	10	17	47	28	104	42	0
0	16	15	0	0	0	0	6	72	101	31	72	17	0
0	5	43	0	0	0	0	0	47	0	16	15	0	0
0	80	18	0	0	0	0	12	0	5	48	56	15	0
0	0	15	0	0	0	0	0	11	51	18	70	15	0
0	9	0	0	0	0	0	0	70	32	8	10	0	0
0	0	0	0	0	0	5	0	21	0	9	96	7	0
0	5	10	0	8	0	0	4	0	0	7	78	20	9
0	9	20	0	0	0	0	0	23	30	69	135	18	0
0	21	26	0	0	0	0	0	8	19	53	106	6	10
0	5	0	0	0	4	0	5	0	50	91	49	34	4
0	96	0	6	0	0	0	0	40	32	38	106	49	0
5	18	20	0	0	0	0	0	90	5	0	82	8	0
0	8	12	5	0	4	0	0	68	0	0	53	6	0
0	5	4	0	0	0	0	13	60	25	39	134	0	0
0	0	0	5	0	0	0	12	6	0	11	28	0	0
0	19	0	0	3	4	23	9	9	5	10	139	23	5
0	4	8	5	9	0	0	7	10	0	7	15	7	0
4	0	0	4	0	0	16	22	23	30	56	77	42	5
0	100	9	0	0	0	0	0	18	27	39	66	19	0
3	32	0	0	0	0	0	4	10	27	46	64	0	0
5	0	4	5	0	0	0	6	0	5	45	49	0	0
0	22	0	0	0	0	0	0	51	16	29	30	0	0
0	0	0	7	0	4	0	8	14	6	68	34	35	5
0	10	6	0	0	0	16	9	38	16	0	11	12	5
0	14	0	0	0	0	0	28	0	0	80	43	6	0
0	0	5	0	0	0	4	5	6	76	12	70	0	13
0	0	0	0	0	5	0	0	0	6	4	80	0	0
0	111	9	0	0	0	10	7	14	12	22	74	7	0
6	5	10	11	0	4	0	0	0	0	13	17	21	0
0	17	17	0	0	0	0	0	10	0	16	47	0	0
0	11	31	0	0	0	10	9	0	98	0	72	30	0
0	8	0	0	0	6	0	0	6	12	32	70	0	0
0	0	34	4	0	0	5	5	16	4	0	57	0	0
9	33	0	4	0	0	0	5	103	41	15	70	0	11
0	12	22	0	0	0	14	10	31	0	22	38	10	0
4	32	43	6	6	0	6	0	13	47	4	29	0	0
0	0	0	0	0	0	0	0	38	3	35	54	11	0
0	5	0	0	0	0	3	0	0	0	12	0	0	0
0	19	16	0	0	5	3	0	0	0	40	37	8	3
0	42	0	0	0	0	0	0	0	0	0	0	6	0
0	5	0	0	0	0	0	0	0	0	23	43	8	0
0	0	0	4	0	0	8	0	0	0	17	39	0	0
0	0	0	0	0	0	0	0	7	37	4	48	0	4
0	14	0	5	18	0	0	10	20	16	4	54	5	0
0	7	0	0	6	0	0	0	11	12	8	21	0	0
0	5	4	0	0	6	11	6	0	0	7	8	26	0
0	11	5	0	0	0	0	0	0	0	28	68	14	0
0	18	0	0	0	0	5	11	0	12	24	4	9	0
0	0	0	0	4	0	0	5	0	0	43	95	28	8
0	11	0	0	0	4	10	6	16	0	18	49	5	0
0	5	0	0	0	0	4	0	6	0	11	54	36	0
0	0	0	0	0	0	0	0	0	3	30	104	6	0
0	15	6	7	4	0	14	13	21	7	0	28	15	0
0	0	0	4	0	0	8	0	0	4	13	13	0	0
0	0	0	0	0	0	5	6	70	49	30	120	117	0
0	20	0	0	0	5	0	15	0	0	0	13	0	0
0	0	0	0	0	0	0	0	30	4	50	16	19	0
0	0	4	0	0	0	0	0	10	15	0	16	0	0
0	0	0	0	0	0	5	0	38	0	13	33	0	0
0	0	23	7	0	0	0	0	13	0	22	47	0	0
0	0	0	0	0	0	0	0	0	0	0	0	0	0
0	0	0	0	0	0	0	0	20	0	0	5	0	0
0	0	0	0	0	0	0	0	0	0	0	6	0	0
0	13	0	0	0	0	0	0	0	0	0	6	0	0
0	0	0	0	0	0	0	0	0	0	6	9	105	0
16	202	61	10	11	0	13	48	278	152	86	300	57	19
19	95	128	4	31	8	30	32	88	104	89	216	83	5
4	108	34	0	0	0	24	55	254	111	123	339	61	7
4	29	53	13	14	11	32	33	63	0	88	416	36	10
0	73	34	15	3	14	30	92	104	161	29	268	30	0
5	78	62	17	14	15	18	32	141	163	88	279	19	9
22	38	44	10	11	5	5	27	85	33	188	247	49	3
0	81	113	15	17	9	38	63	220	36	131	326	93	7
15	161	62	26	30	11	77	36	128	17	199	362	33	29
4	165	76	16	10	5	0	11	63	74	120	252	119	7
26	135	30	20	9	0	28	10	43	14	128	261	42	0
6	61	45	18	4	4	0	47	61	13	132	290	44	0
4	101	52	4	0	4	17	80	52	95	107	192	23	9
0	40	20	22	0	9	11	64	30	61	132	359	65	0
5	66	24	25	0	0	18	9	100	88	98	266	55	8
5	96	22	11	0	0	6	33	40	160	121	362	66	30
5	134	41	19	9	4	10	51	87	84	124	245	50	5
0	125	32	20	6	11	3	34	98	58	103	138	0	0
12	101	21	0	0	10	9	44	98	18	81	339	55	4
10	31	25	20	9	10	40	45	169	97	156	258	16	6
0	59	42	19	4	11	10	23	93	48	229	371	15	5
12	73	42	3	12	10	13	43	108	121	97	462	52	0
5	91	100	9	14	34	39	35	122	76	129	393	32	5
16	236	59	0	13	20	10	30	216	141	92	276	76	15
22	69	18	0	12	5	0	40	190	49	153	381	26	9
5	177	52	4	9	12	36	12	99	140	118	557	156	0
5	90	43	15	0	15	16	129	137	83	185	352	39	19
21	187	52	30	9	0	50	51	203	78	204	313	87	0
0	83	61	19	33	13	18	75	74	141	102	344	22	0
11	105	36	11	8	10	30	18	232	160	122	468	91	13
16	126	121	5	0	4	18	44	148	113	95	339	61	10
15	278	19	30	14	0	22	20	34	121	177	569	62	9
6	96	62	14	7	10	17	60	89	78	149	472	86	0
0	147	66	15	0	5	0	10	239	90	201	314	44	8
8	77	71	15	4	0	21	24	95	124	163	546	52	0
5	67	60	4	18	8	29	46	88	164	175	361	40	5
14	57	63	0	0	11	4	35	36	84	89	250	61	0
0	97	47	16	0	0	13	4	83	25	90	272	47	0
0	76	43	20	4	0	15	10	55	98	75	224	70	6
0	53	47	10	4	5	6	60	24	44	233	307	53	0
4	84	32	0	7	0	4	42	145	57	111	331	60	0
4	61	34	0	0	8	9	54	175	141	119	190	73	0
4	105	63	10	4	0	4	9	226	5	47	166	0	5
12	83	22	4	12	0	23	13	39	29	108	406	41	7
0	82	40	4	7	0	10	45	144	21	110	280	37	0
0	58	69	7	9	3	23	35	136	56	82	359	40	0
0	75	85	20	4	9	8	26	183	83	168	133	78	12
5	89	35	19	5	5	4	16	89	69	183	297	29	0
13	126	31	4	5	4	14	15	142	101	141	425	61	12
4	43	89	9	12	4	4	21	76	43	154	280	43	0
6	76	104	10	4	4	5	4	60	21	174	252	44	9
0	50	78	17	0	5	34	25	244	83	119	279	51	0
5	107	68	4	9	4	0	41	240	67	161	375	29	22
9	130	33	29	0	11	41	26	112	161	86	439	66	4
4	86	59	11	9	0	17	4	73	80	145	401	77	0
4	82	60	0	4	8	8	6	88	20	72	318	30	8
4	152	36	19	3	0	3	20	102	10	82	138	22	0
3	51	13	12	0	5	4	8	62	59	77	235	26	0
16	73	18	9	0	0	0	8	101	22	22	172	27	0
0	47	11	4	0	0	11	0	19	0	54	143	35	0
0	16	18	0	0	10	0	52	66	97	108	231	25	0
0	33	35	9	0	5	23	0	59	83	86	245	20	12
0	64	9	9	0	0	0	26	126	15	75	105	94	0
0	37	57	12	8	9	21	12	74	134	138	166	11	18
4	60	33	0	4	0	5	4	10	20	9	176	34	5
4	102	22	0	0	0	5	0	102	3	39	65	0	0
15	91	33	15	7	4	4	15	113	18	143	183	63	4
4	45	36	19	0	6	5	10	124	51	98	268	114	4
12	87	24	3	6	12	5	60	157	84	88	180	32	0
8	50	5	3	0	5	0	6	8	5	60	177	6	0
0	45	50	14	0	0	0	5	93	44	49	206	44	8
0	66	51	0	4	5	9	45	223	24	122	222	40	0
4	75	35	0	0	0	10	11	172	49	60	314	24	26
19	244	70	34	8	0	7	32	127	28	70	218	12	0
0	83	8	4	0	0	10	12	112	19	45	211	61	0
4	52	23	24	15	9	15	0	108	31	37	138	31	0
0	44	19	4	0	0	0	5	101	11	81	198	37	4
4	60	34	7	0	16	31	11	76	0	68	207	55	0
11	59	14	0	0	22	21	7	63	209	146	247	11	7
17	60	38	24	5	7	32	26	79	95	34	276	131	0
4	80	11	4	0	4	18	11	48	38	183	194	34	0
16	59	60	0	0	0	13	11	40	0	109	164	61	0
5	31	0	0	0	8	4	24	0	0	102	214	24	19
0	191	34	12	4	0	9	9	24	0	58	134	30	0
9	89	33	9	0	0	9	0	14	19	82	366	27	6
5	153	51	14	16	6	0	0	69	21	69	205	57	0
0	56	39	28	0	0	0	23	83	46	123	244	20	10
19	16	20	6	0	4	17	13	68	19	110	207	5	0
0	74	3	5	0	0	9	39	98	29	86	283	33	7
10	69	11	9	4	0	12	6	8	16	43	127	24	5
0	23	21	0	0	10	0	45	78	34	50	176	8	0
0	124	22	3	0	0	4	27	151	142	64	181	0	0
0	98	9	0	0	9	0	17	20	43	88	201	42	0
0	20	10	0	5	6	21	13	59	30	9	119	43	6
0	14	24	0	3	0	19	14	33	9	80	176	39	0
13	61	55	0	3	0	15	43	71	38	91	235	73	5
0	40	16	3	0	14	8	5	45	20	33	68	0	0
5	20	23	6	3	0	0	20	69	20	25	125	18	0
0	9	20	15	14	24	0	4	30	0	5	158	14	0
0	19	19	9	0	0	4	4	87	30	79	112	18	5
0	16	0	13	0	0	0	5	38	69	21	119	22	0
0	8	9	0	0	0	0	0	0	21	17	97	87	10
9	89	17	0	0	4	0	9	17	85	73	55	18	4
0	33	4	5	0	0	0	0	6	4	36	53	5	0
0	17	14	0	4	0	0	4	6	12	19	52	12	0
0	0	0	0	0	7	0	0	0	10	33	120	9	0
4	53	0	5	0	4	5	6	96	51	33	181	221	0
0	36	27	18	17	18	9	16	30	25	191	211	44	0
5	0	4	4	0	0	4	16	30	35	38	66	10	0
0	11	0	0	4	0	33	13	42	38	10	177	11	0
4	70	19	14	0	0	9	15	47	201	21	92	23	0
0	23	10	8	7	5	0	10	77	0	63	248	11	11
9	69	16	0	5	8	4	13	33	38	112	114	10	6
7	17	24	0	0	4	10	4	26	10	26	25	35	6
8	101	0	12	0	0	21	12	97	0	32	103	0	3
0	27	5	0	0	0	0	0	60	0	50	50	0	0
0	7	0	0	0	0	0	6	22	5	33	41	22	0
0	0	0	0	0	0	0	0	21	0	0	49	0	0
0	4	0	0	0	0	0	6	6	6	18	33	0	0
6	6	34	0	0	0	0	9	25	14	18	102	0	0
5	11	17	0	0	0	0	0	84	4	52	110	8	0
0	51	4	0	0	0	0	34	28	16	52	119	7	0
0	9	12	0	0	4	0	0	84	9	36	179	29	7
0	42	0	0	0	0	0	9	10	13	117	114	19	0
5	28	5	0	0	0	0	10	35	0	15	26	0	0
0	11	0	6	0	0	0	0	6	0	18	44	21	0
0	13	4	0	0	4	10	57	44	4	7	54	27	5
0	29	0	0	0	4	4	0	18	0	24	106	27	0
0	11	7	4	4	0	0	0	27	8	28	63	7	0
0	22	45	0	6	4	12	0	0	10	7	16	0	0
0	5	11	4	13	4	0	8	8	69	84	84	15	0
0	13	20	0	0	0	22	67	9	8	64	116	0	0
0	10	9	4	4	0	0	3	31	10	20	73	0	0
0	76	10	3	0	9	5	0	10	4	16	40	6	0
0	18	0	0	0	0	0	0	10	13	62	74	19	0
0	31	8	4	0	0	0	0	15	0	29	40	9	0
0	16	4	0	18	6	0	8	30	0	26	36	17	0
0	16	0	0	0	9	0	0	53	7	4	16	0	3
0	9	0	0	0	0	5	18	0	4	0	83	5	0
0	0	4	7	0	0	0	5	23	4	11	6	0	0
0	28	5	0	4	0	0	7	7	11	33	68	37	0
0	52	19	4	0	0	0	0	0	0	17	25	0	0
4	13	15	0	0	0	5	0	11	0	9	27	14	4
15	0	19	0	9	4	5	55	59	12	56	42	18	0
0	18	10	6	0	0	0	0	24	0	7	0	6	0
11	26	16	0	0	6	0	0	21	9	24	19	11	0
0	6	0	0	0	0	0	0	8	55	62	152	0	0
12	4	0	0	4	0	8	47	13	0	6	49	18	0
8	15	23	0	4	0	0	0	7	0	0	15	0	0
0	0	0	0	0	0	0	5	80	8	27	21	0	0
0	29	0	0	0	0	0	0	0	0	0	14	0	0
0	0	0	4	0	0	0	0	65	11	55	14	18	0
0	15	12	0	0	0	0	0	0	0	7	11	0	0
0	0	0	0	0	0	0	0	20	0	26	33	16	0
0	42	14	0	5	0	0	0	6	4	16	25	7	0
0	0	0	0	0	0	0	0	7	0	8	128	69	6
0	27	38	0	0	4	9	0	31	0	11	28	0	0
0	0	10	0	0	0	0	6	6	0	17	20	0	0
0	0	10	23	0	0	0	0	0	4	20	28	0	3
0	6	7	0	0	0	0	0	38	51	24	26	25	0
0	0	0	0	0	0	3	0	22	0	0	34	0	0
0	0	12	0	4	0	0	6	36	0	82	78	0	0
0	0	0	0	0	0	0	4	39	0	8	22	0	0
0	0	4	0	0	0	0	0	41	13	18	47	7	0
0	22	5	0	0	0	0	8	22	39	62	60	0	0
0	27	0	0	13	0	0	0	8	5	19	20	0	0
0	8	0	0	4	0	0	0	45	0	9	10	12	0
0	0	14	0	0	4	0	8	57	140	52	48	0	0
0	0	9	5	0	4	4	15	0	10	6	55	30	0
0	0	0	0	0	0	0	0	0	0	26	19	7	0
0	0	7	0	0	0	0	0	0	5	31	30	0	0
0	4	0	0	0	0	0	0	34	0	14	13	5	0
0	32	0	4	0	0	0	5	0	0	5	4	0	0
0	0	0	0	0	0	0	0	9	0	20	6	0	0
0	0	0	0	0	0	0	0	0	0	11	5	0	0
0	0	0	0	0	0	0	0	0	0	0	17	0	0
0	0	0	0	0	0	0	9	0	0	0	0	0	0
0	0	0	0	0	0	4	0	0	0	43	168	12	0
8	56	119	10	12	4	13	41	143	115	69	422	66	0
42	71	108	25	10	0	34	142	27	112	139	305	56	10
5	72	22	9	17	16	23	4	128	68	99	290	8	7
6	88	75	32	16	3	14	17	38	123	131	179	9	4
0	103	53	15	13	13	18	35	150	18	76	341	55	19
4	99	57	16	9	0	12	157	135	87	89	335	80	0
3	131	103	7	3	5	14	18	189	111	110	230	53	48
24	92	66	22	14	22	52	40	115	144	118	395	38	11
18	305	131	6	20	11	10	22	175	89	131	473	38	11
20	69	27	0	0	3	23	21	162	88	238	324	51	3
3	144	39	7	7	5	0	5	105	43	137	285	106	15
0	91	27	8	3	15	33	102	39	8	116	288	86	9
18	59	21	12	8	35	23	23	129	0	57	250	81	0
4	94	31	12	4	0	0	25	91	123	130	334	70	4
4	93	64	3	0	0	4	17	111	60	139	291	64	11
0	62	27	4	0	5	9	58	168	30	152	379	110	6
10	77	19	7	0	11	3	25	141	41	106	349	57	4
11	101	58	12	0	8	16	47	130	33	46	268	42	0
0	14	25	15	6	18	9	20	121	57	129	272	53	4
5	104	86	15	10	0	17	11	170	38	77	365	36	4
8	90	31	30	9	10	5	39	136	47	78	337	165	10
0	50	39	9	0	23	28	50	102	172	150	261	50	0
38	132	45	45	4	6	15	53	142	88	108	335	44	13
11	37	58	32	13	7	9	42	120	65	90	397	23	0
0	34	66	9	7	0	6	13	90	82	187	350	86	24
13	31	49	11	18	0	16	45	103	307	259	417	56	7
10	120	31	23	12	32	18	60	224	21	179	456	120	16
5	121	56	0	13	0	46	89	180	286	139	425	67	11
4	121	94	15	8	4	24	42	155	69	101	262	123	5
0	81	48	14	20	0	36	103	132	203	193	585	61	12
31	100	82	15	0	4	10	53	117	121	106	456	16	19
5	111	78	27	19	0	0	60	194	220	149	550	49	4
9	96	39	22	4	12	6	37	178	64	60	450	38	13
13	88	21	24	0	0	21	10	86	56	157	433	30	5
5	94	33	11	10	10	25	62	185	84	149	218	40	4
4	50	100	10	22	16	38	80	325	107	92	329	115	6
7	43	11	13	0	10	29	35	76	66	141	294	26	4
10	105	18	3	0	0	0	11	64	26	75	220	17	5
14	87	40	0	0	0	3	22	83	65	154	246	38	4
4	68	42	9	0	25	18	12	137	102	129	409	38	15
4	44	18	3	0	4	34	20	119	213	178	213	31	4
4	44	54	12	5	13	17	46	102	51	95	234	70	7
0	100	19	0	5	6	32	10	49	19	38	156	39	0
4	82	78	3	6	0	0	8	81	73	116	248	44	23
4	37	33	0	4	10	22	74	84	27	83	185	41	6
5	83	41	4	3	6	9	51	62	80	110	296	121	12
13	140	58	13	7	6	25	22	176	31	98	253	17	0
11	169	45	13	10	4	0	5	195	189	168	267	25	9
8	60	52	4	6	0	42	57	205	99	100	322	6	9
22	75	43	8	4	5	4	43	110	39	90	312	29	7
27	42	23	0	4	0	25	12	174	42	79	405	16	6
4	165	44	7	28	5	53	29	194	57	120	296	31	8
6	61	28	12	0	4	4	32	204	80	159	350	42	8
0	184	29	20	15	11	7	39	147	91	144	326	37	5
10	97	32	3	5	0	0	3	111	94	231	225	85	3
10	43	44	3	4	5	0	28	14	83	93	284	39	0
4	153	36	0	0	5	4	0	60	23	84	234	30	4
0	66	22	13	0	0	0	9	49	5	62	259	45	0
0	83	30	0	0	0	3	9	28	13	61	104	5	0
0	78	11	0	8	0	4	0	55	11	33	132	20	0
0	57	25	11	0	20	4	5	28	176	95	312	49	3
0	97	13	5	12	0	0	4	72	71	107	272	6	0
0	25	21	0	0	0	34	22	29	11	144	171	16	9
7	74	86	20	14	3	8	45	144	31	80	352	42	3
6	29	30	5	0	0	6	10	69	4	87	214	36	0
0	17	0	3	0	0	9	8	36	5	30	217	37	5
11	95	18	15	3	0	0	5	43	10	117	203	0	0
4	54	4	6	0	0	11	6	111	33	208	300	7	0
4	120	45	22	4	22	14	24	99	7	40	199	13	0
0	11	4	5	0	8	4	0	103	7	89	170	33	8
4	132	22	4	0	4	0	26	67	38	152	274	17	0
0	37	57	13	5	19	47	5	100	29	141	203	71	7
3	49	27	0	0	0	29	45	63	44	80	322	51	5
0	139	67	0	0	8	9	14	47	9	74	98	11	5
0	23	36	4	0	0	15	9	7	60	103	192	13	4
0	117	45	8	5	0	5	14	60	20	77	142	23	0
0	49	15	0	3	0	0	0	31	22	93	277	14	0
0	59	11	14	8	3	5	0	62	67	100	217	22	7
0	14	22	22	7	0	8	51	167	74	149	237	28	0
4	165	60	11	21	3	12	11	60	134	200	299	40	0
0	56	39	8	4	0	13	17	178	9	89	219	96	0
10	38	31	0	5	0	9	10	104	23	149	150	26	9
0	33	28	13	0	0	4	67	81	9	74	291	49	0
15	56	32	0	5	0	11	4	100	0	72	100	28	31
7	32	17	0	0	0	0	0	66	101	75	214	32	15
0	166	92	9	0	0	9	26	50	8	69	237	39	4
5	129	11	4	0	5	25	48	57	30	141	180	7	9
0	25	49	3	6	7	11	23	54	0	41	203	9	4
0	37	20	3	0	5	56	0	77	113	129	400	74	0
0	87	15	0	10	5	25	22	74	49	44	207	31	17
7	6	30	15	0	10	0	27	122	16	54	248	8	25
9	76	69	5	4	4	22	8	52	81	57	83	14	14
0	42	16	5	0	0	14	21	68	30	63	332	37	0
0	33	26	4	13	10	8	11	34	30	92	97	24	4
0	28	13	0	10	8	16	15	7	3	130	142	32	0
5	35	21	0	0	16	18	29	43	91	136	227	14	0
0	78	14	20	8	5	4	0	0	4	28	112	34	0
6	40	24	7	0	0	14	4	30	23	46	78	19	0
0	96	109	28	0	0	0	4	60	46	85	74	0	0
3	48	32	5	0	4	40	15	41	14	60	140	16	5
0	72	17	0	0	0	17	27	66	75	69	94	6	5
0	10	4	0	0	0	0	8	49	7	134	129	36	0
0	22	47	0	0	4	9	23	0	35	19	139	14	0
0	12	18	0	0	0	9	0	31	16	22	114	11	5
9	31	25	0	0	0	0	0	16	23	44	98	0	0
0	6	11	10	0	0	0	3	0	21	28	93	17	6
0	51	19	13	5	0	21	17	33	16	81	92	14	12
11	85	33	19	4	0	0	5	202	25	68	332	20	0
0	65	19	0	0	6	6	7	74	0	0	45	6	0
0	12	20	0	8	0	0	15	24	36	9	86	20	0
7	71	9	0	0	4	4	35	7	14	24	65	9	0
5	56	25	3	0	0	6	8	44	46	56	175	14	10
0	33	34	0	0	4	0	0	66	25	19	83	16	0
0	26	42	4	6	0	0	8	54	0	63	124	22	13
0	69	27	0	12	8	4	30	30	3	42	149	0	0
0	12	0	4	0	0	0	0	30	5	5	73	8	0
0	7	0	0	0	0	0	0	7	25	34	69	0	0
0	0	0	0	0	0	0	0	10	0	0	32	26	0
0	0	15	0	0	0	0	9	10	18	22	44	5	0
9	14	14	0	0	0	4	0	32	11	24	165	36	0
0	27	0	0	0	4	19	0	7	0	45	76	13	0
0	38	12	8	0	10	0	15	0	67	22	63	0	0
4	74	11	0	0	0	0	4	46	115	50	159	23	0
0	35	26	0	0	0	6	10	43	9	37	69	13	0
0	23	8	0	0	6	0	7	40	12	23	65	16	0
0	13	5	0	0	0	0	4	6	0	48	68	0	0
0	24	0	0	5	24	11	5	7	8	81	107	0	0
0	5	9	0	0	0	0	0	20	10	45	141	29	0
0	11	20	0	0	0	0	0	45	6	29	38	0	0
5	60	13	0	0	0	0	0	49	0	7	91	0	0
0	0	37	0	0	0	0	23	41	28	23	35	0	0
0	30	0	0	5	29	9	5	30	11	30	91	0	0
0	47	0	0	0	0	0	0	0	0	13	17	0	10
0	28	0	3	0	0	0	0	14	18	39	103	0	0
0	0	7	0	0	0	0	0	0	16	38	39	22	0
0	48	10	5	0	0	0	4	20	14	16	69	0	5
0	0	27	5	0	0	4	0	18	0	22	43	0	0
0	0	0	11	0	0	23	0	0	8	4	30	0	0
0	9	5	4	0	0	0	0	6	17	16	21	0	0
0	41	0	0	0	0	9	0	0	0	20	80	14	5
0	14	19	4	0	0	0	0	35	15	13	48	0	0
0	41	0	0	0	0	0	4	10	4	12	11	0	0
0	0	5	0	4	0	0	0	44	13	28	42	18	0
5	0	43	6	0	17	0	10	45	51	47	64	0	0
0	20	0	0	0	0	0	0	12	0	9	68	6	0
0	11	16	4	0	0	0	0	22	22	48	39	0	0
0	5	0	0	0	0	6	6	23	16	4	63	0	0
0	11	27	0	0	12	0	15	25	46	50	51	5	11
9	0	17	0	0	0	4	4	0	0	0	28	0	0
0	0	0	0	0	4	4	4	7	0	0	8	52	0
0	5	10	0	0	0	0	0	0	6	0	35	18	0
0	30	6	0	0	0	0	21	14	0	34	60	0	6
0	0	0	0	0	0	0	0	16	9	6	34	0	4
0	11	0	0	0	0	0	0	9	11	90	41	14	0
0	16	10	0	7	0	0	0	0	0	34	18	6	0
0	0	4	0	0	0	0	0	23	85	52	58	19	12
20	0	0	3	0	0	0	0	6	0	0	23	0	0
8	7	0	0	0	0	0	0	0	0	0	33	22	0
0	110	23	0	0	0	0	8	38	0	25	85	0	0
0	6	9	0	0	0	0	7	74	25	40	63	6	0
0	0	6	7	0	0	11	0	7	0	6	8	40	0
6	4	9	4	0	0	0	0	19	7	36	81	0	0
0	11	28	0	0	0	0	0	15	13	17	15	12	0
0	13	0	0	0	0	0	0	23	0	0	0	0	0
3	43	0	0	0	0	5	4	11	0	0	56	0	7
0	6	29	0	0	0	0	0	37	18	13	34	0	0
0	5	27	0	0	0	5	0	70	0	9	47	0	0
4	0	17	6	0	4	8	32	152	0	21	33	0	0
0	12	10	4	3	9	0	0	20	35	6	43	36	0
0	0	0	0	0	0	8	6	18	0	26	20	0	0
0	0	0	0	0	0	0	0	0	0	0	0	0	0
0	0	10	0	0	0	0	6	0	0	0	65	5	0
0	35	0	0	0	0	7	0	8	0	0	0	0	0
0	0	0	0	0	0	0	5	0	0	7	6	12	0
0	0	0	0	0	0	0	0	10	0	16	43	0	0
0	0	7	0	0	0	0	0	0	0	0	5	5	0
0	0	5	10	0	0	6	0	0	0	0	0	0	0
0	0	24	0	0	0	0	0	7	37	89	238	20	0
23	95	66	8	5	5	12	60	78	163	125	293	71	0
20	92	50	0	21	19	13	61	196	97	86	384	68	15
0	90	65	17	7	0	15	78	104	127	76	340	30	0
19	179	92	11	4	4	9	91	99	54	50	267	16	5
9	156	62	29	16	0	8	28	112	32	47	189	16	4
18	85	30	0	4	15	8	225	65	28	158	299	90	0
11	89	36	11	4	3	76	52	152	56	171	346	126	12
28	192	106	22	18	20	14	60	154	113	109	313	50	21
37	119	152	12	5	20	9	5	217	217	103	277	29	0
19	101	25	7	9	4	10	4	140	119	105	354	48	0
4	77	58	4	0	0	11	19	125	51	186	286	0	8
5	72	21	22	15	24	17	41	174	84	213	386	60	5
0	40	40	36	12	0	11	17	57	105	132	246	0	16
0	67	32	3	0	9	20	36	241	113	189	238	42	8
10	58	47	0	3	0	0	0	86	25	102	230	25	4
0	50	18	8	8	12	5	19	149	110	224	386	77	0
4	74	38	14	0	0	0	22	161	47	204	308	55	12
3	111	15	7	0	17	22	39	84	7	82	320	34	0
0	62	37	19	0	5	8	42	120	82	60	276	29	16
11	236	88	0	10	3	18	8	39	39	116	321	21	0
11	113	58	7	4	17	9	38	74	31	179	408	27	12
9	132	50	17	15	12	23	85	90	62	171	327	53	4
9	188	96	0	7	14	9	33	173	107	163	378	35	9
9	140	34	11	3	19	28	23	139	49	89	200	27	11
15	99	18	0	0	4	5	43	147	89	164	509	75	0
8	116	68	5	6	8	0	58	234	74	119	228	25	5
0	178	47	58	14	22	35	56	74	116	214	493	83	10
9	96	102	5	16	22	28	40	146	165	237	376	37	0
33	148	66	7	8	16	9	89	136	52	142	343	121	19
4	99	86	4	18	27	28	49	99	131	103	346	102	0
0	110	40	13	8	5	26	74	135	91	133	602	47	7
14	116	138	0	0	7	20	149	139	102	192	284	24	10
4	139	76	24	3	14	4	79	187	102	156	403	26	3
3	141	8	7	14	0	10	22	82	132	89	271	59	14
3	74	52	12	11	13	32	73	73	37	77	180	14	0
21	103	52	27	9	16	27	48	177	56	132	296	54	7
0	62	16	7	8	7	0	11	88	99	139	319	74	0
0	26	46	3	0	4	0	45	114	34	114	247	40	10
0	48	18	4	0	0	0	9	122	20	146	151	37	21
6	67	50	23	4	0	10	42	81	91	160	259	43	15
5	90	31	10	9	4	23	93	179	61	27	277	151	4
0	78	52	19	3	16	22	18	125	15	142	260	55	5
4	55	33	5	15	6	0	20	30	47	46	191	6	0
11	115	48	4	0	7	0	5	86	27	68	258	13	5
4	54	38	14	15	8	20	6	120	37	74	231	31	4
11	62	46	7	0	14	21	20	100	24	174	343	58	4
5	109	74	11	15	0	13	28	122	61	106	439	5	3
0	80	29	0	0	4	26	35	70	48	81	432	52	6
16	68	41	4	16	15	26	19	103	66	123	363	110	0
10	70	55	13	0	9	0	16	94	127	87	229	94	6
4	66	38	0	7	5	5	11	89	19	81	342	75	9
11	104	90	8	12	3	0	17	145	43	106	442	48	6
0	120	31	13	0	4	11	31	221	72	60	441	96	4
0	106	89	5	5	3	3	77	132	30	119	343	38	0
4	33	53	5	3	0	5	42	200	107	156	357	65	0
10	52	29	6	5	12	3	29	79	55	109	269	31	4
0	24	16	14	0	0	0	17	53	24	109	292	61	7
7	57	24	3	0	0	6	12	52	106	123	229	6	0
0	31	4	0	4	0	5	10	79	10	33	87	21	20
0	6	55	0	0	0	0	0	27	15	74	77	72	0
0	50	9	18	0	0	6	34	89	77	68	373	7	0
0	46	54	0	0	0	5	0	58	169	67	315	28	8
5	62	28	0	14	8	12	37	111	18	29	193	50	17
15	87	58	3	7	14	16	12	41	76	203	231	49	3
8	26	6	0	5	0	12	18	127	29	114	200	35	0
0	51	32	0	0	4	4	20	35	23	100	223	52	5
0	61	28	6	0	0	3	4	58	31	116	237	45	24
0	77	27	4	0	0	8	12	130	39	83	318	51	4
12	98	33	21	4	4	13	36	78	0	42	166	25	0
0	25	19	6	0	0	0	5	39	9	79	203	18	0
0	32	10	8	0	12	19	33	50	71	175	160	76	5
4	66	55	21	13	0	4	14	190	20	131	298	37	0
0	26	39	0	14	15	4	22	52	122	75	345	27	18
5	35	36	13	0	7	13	6	106	32	27	126	18	3
0	25	31	5	12	0	8	28	100	48	108	213	21	0
16	86	37	0	3	0	3	15	54	46	39	163	20	5
0	8	14	0	0	0	0	12	69	95	76	254	22	0
0	154	57	6	0	0	12	17	97	36	101	175	0	3
4	90	56	4	3	17	21	20	63	12	88	240	13	6
12	111	67	4	0	0	0	32	170	57	160	244	6	0
3	52	45	4	9	0	10	0	18	97	216	228	83	4
0	20	33	3	4	4	0	15	86	0	95	180	64	13
5	48	17	0	8	18	4	9	138	96	116	229	11	0
5	45	23	9	0	5	13	0	59	23	87	203	25	0
0	53	17	0	0	0	19	17	58	29	160	327	31	8
39	25	0	0	3	3	4	19	52	20	68	149	34	9
0	48	0	4	8	14	8	19	53	22	112	228	12	0
4	55	48	0	6	8	0	16	28	30	37	211	31	5
5	30	25	16	10	0	10	18	60	108	102	264	47	0
0	61	29	14	14	8	0	7	41	48	18	273	26	0
5	42	21	15	0	6	18	4	26	44	95	309	95	4
4	50	23	9	4	0	0	15	56	17	51	147	8	0
0	63	14	0	4	4	14	10	23	18	109	136	0	0
10	82	47	11	0	9	4	5	38	78	67	153	103	9
3	65	24	4	0	4	4	38	45	35	107	219	29	4
5	6	43	13	0	4	18	31	223	138	116	186	27	0
0	77	31	0	0	0	0	0	33	25	87	160	0	4
0	35	26	8	10	0	7	44	92	19	11	57	40	22
21	114	31	0	0	0	4	9	65	14	29	140	17	0
0	53	9	6	7	0	4	0	30	15	58	110	5	5
0	33	0	0	4	3	5	37	70	49	28	79	0	0
0	5	5	0	0	0	0	5	245	79	53	138	517	0
0	40	0	5	3	4	10	23	16	41	56	76	0	0
0	18	10	0	4	0	0	0	23	11	47	86	19	0
8	16	4	0	0	0	0	3	0	0	35	24	0	0
8	45	4	0	0	0	0	4	27	3	31	132	30	13
6	65	27	6	4	4	0	21	16	17	66	224	15	9
13	88	43	4	0	4	36	30	68	49	79	134	23	10
3	7	23	6	4	6	0	4	0	11	0	54	0	5
0	15	44	9	0	0	4	35	7	9	29	109	33	0
0	31	13	14	0	16	6	21	20	8	34	84	29	0
13	40	3	4	5	0	0	29	44	21	52	187	5	14
14	165	8	0	0	0	0	0	9	16	21	89	0	14
4	43	25	4	0	0	29	0	57	30	41	186	5	18
0	8	62	9	0	23	6	0	38	86	25	60	50	0
0	19	0	0	0	0	0	16	23	12	48	25	6	0
0	0	0	0	4	0	0	0	8	0	8	22	5	0
0	0	0	0	0	0	0	0	10	0	4	22	0	0
8	0	7	0	0	0	6	0	0	24	5	46	0	0
0	12	10	0	0	0	0	0	20	17	33	97	7	0
0	15	0	0	0	0	4	5	17	0	50	103	0	0
0	30	13	11	0	0	5	9	0	0	9	78	8	4
0	31	0	0	0	0	0	24	22	57	47	95	47	3
0	4	4	4	0	0	13	4	60	16	27	70	0	0
0	0	4	5	0	0	0	0	11	0	35	62	0	0
0	0	4	0	0	0	0	7	24	29	14	106	43	0
0	33	26	19	0	0	0	0	38	0	55	69	16	0
0	33	6	0	0	0	14	9	9	0	17	111	11	0
4	42	0	4	0	0	0	0	12	0	8	96	8	0
0	13	24	0	0	0	0	3	0	0	8	81	0	0
13	43	0	5	0	5	0	7	67	9	9	86	5	0
0	33	29	34	7	0	0	5	0	18	4	60	0	0
0	20	8	0	0	0	0	0	8	0	10	104	0	0
0	22	10	0	0	0	0	0	8	15	19	62	23	3
0	3	0	0	0	0	0	5	31	0	28	21	0	0
0	23	0	0	0	0	0	0	7	3	9	27	0	0
13	31	0	0	0	0	11	0	34	34	4	24	0	0
0	90	4	0	4	0	0	4	0	9	0	26	0	0
3	7	21	0	0	0	0	0	0	20	5	33	0	5
0	0	6	0	0	0	6	0	0	6	50	79	0	0
5	10	0	0	0	0	8	0	34	3	15	27	0	0
0	8	0	0	0	0	0	0	0	0	30	32	29	0
0	4	6	0	0	0	0	16	37	0	17	4	0	4
4	16	8	18	0	0	8	0	19	57	49	89	41	3
0	9	0	0	0	0	0	0	15	0	0	101	0	0
0	23	7	0	0	0	4	0	89	0	8	45	0	0
0	5	9	0	6	0	8	17	0	29	9	35	6	0
9	33	23	0	0	0	0	0	73	56	12	41	12	0
5	7	0	0	0	0	0	0	0	4	0	0	7	0
0	0	0	0	0	0	0	0	0	6	18	23	23	0
0	0	0	0	0	0	0	0	7	0	26	34	0	0
0	11	5	0	0	0	9	19	9	0	0	11	7	0
0	0	5	0	0	0	0	0	21	9	40	43	0	0
0	0	0	0	0	0	0	0	46	10	37	51	0	0
5	0	10	0	0	0	0	0	0	6	48	57	13	0
0	0	0	0	0	0	0	14	52	19	23	68	51	0
0	26	19	0	0	0	0	4	0	0	9	6	6	0
0	0	11	4	0	0	0	0	0	9	33	32	0	3
0	20	4	0	0	0	10	0	0	12	33	35	0	0
0	0	0	0	0	0	4	0	34	18	14	18	0	0
0	37	7	0	5	0	8	0	47	0	30	54	0	0
0	14	4	0	0	0	6	6	19	9	6	36	0	0
15	8	5	0	0	0	0	0	0	0	4	6	0	0
0	0	0	0	0	0	0	0	17	0	24	59	47	0
0	0	9	0	0	0	9	30	6	73	9	49	5	0
0	9	0	0	0	0	0	7	0	4	24	13	19	0
0	0	5	0	0	0	0	0	30	0	4	12	24	0
0	13	19	0	0	18	43	0	24	0	0	34	0	0
0	54	14	9	0	0	6	23	12	4	14	23	0	4
0	0	4	0	0	0	0	0	11	0	0	21	23	4
0	0	0	0	0	0	0	4	7	0	0	0	0	0
0	0	0	0	0	4	0	0	8	6	0	32	0	0
0	7	0	0	0	0	0	4	79	0	0	6	0	0
0	0	0	0	0	0	0	0	0	0	23	4	0	0
0	3	0	0	0	0	0	16	0	0	0	10	0	0
3	0	0	0	0	0	0	6	22	10	15	32	5	0
0	12	4	9	4	0	0	0	0	0	0	0	0	6
0	0	9	0	0	0	0	18	104	102	104	304	63	0
11	151	85	19	11	13	42	63	62	65	140	453	14	6
20	105	76	36	7	23	28	35	163	88	115	453	83	0
15	111	78	5	9	23	24	26	20	149	103	309	23	0
22	119	24	20	0	20	26	0	43	35	77	247	41	15
12	139	76	0	0	8	19	51	100	101	67	358	28	4
17	123	47	17	0	4	22	54	274	24	230	167	103	3
4	79	45	8	33	10	3	28	159	191	237	498	81	13
21	144	110	21	0	25	42	63	177	78	136	433	101	7
40	121	35	15	6	0	8	56	114	56	75	299	76	0
4	88	40	0	9	0	23	19	80	37	133	392	30	0
16	86	5	0	0	4	6	8	200	104	99	353	61	0
0	151	89	28	3	0	3	27	185	65	108	343	25	0
11	190	68	8	0	5	5	8	121	51	86	204	34	0
10	89	37	12	8	10	8	10	138	131	113	293	49	0
4	57	26	5	0	0	0	24	200	166	80	279	69	10
6	72	77	9	0	5	19	56	194	57	123	267	64	11
0	131	32	0	6	5	5	57	175	42	92	317	31	6
5	76	52	22	0	18	17	45	56	19	45	174	25	5
9	122	38	8	0	14	21	22	114	5	123	427	64	0
27	89	30	4	8	0	5	36	49	187	187	317	37	7
10	76	19	18	8	4	11	20	225	115	102	340	9	29
4	126	82	21	7	9	30	17	164	26	126	414	39	24
13	104	65	15	5	16	22	17	119	133	146	387	28	3
0	140	47	18	6	0	10	10	56	27	148	378	218	0
0	70	52	0	4	14	39	94	265	231	129	197	42	7
19	56	39	8	0	12	4	46	145	60	95	331	25	16
4	210	38	22	9	9	28	20	243	226	375	626	40	0
21	149	108	23	18	7	25	52	170	108	100	198	52	7
21	190	69	11	0	40	29	27	224	184	188	387	95	5
17	62	71	49	25	8	22	44	139	77	69	365	73	0
7	179	28	12	8	16	8	22	137	72	187	502	98	18
24	66	28	9	7	28	17	101	91	31	142	407	120	21
10	142	39	15	0	18	25	33	176	27	120	278	53	0
0	45	45	0	0	4	11	19	133	67	122	313	42	6
4	83	40	18	25	7	5	25	75	16	47	260	86	0
20	143	64	30	10	9	20	38	319	44	48	230	34	0
0	99	50	14	0	0	7	24	117	51	63	295	66	0
4	29	6	4	0	13	6	17	87	19	95	283	66	0
6	56	36	0	0	0	18	9	150	54	138	338	42	0
5	167	47	10	11	7	8	23	116	83	174	378	62	0
0	94	62	10	5	24	28	30	80	102	161	309	55	15
6	151	70	13	12	0	13	51	82	66	125	306	17	0
0	22	106	11	0	4	9	21	72	21	145	130	15	5
9	71	10	11	3	5	4	0	64	45	115	243	35	4
3	79	47	25	16	0	7	82	123	17	94	252	88	5
9	89	54	16	0	4	15	19	272	147	135	417	33	5
4	83	83	7	3	9	4	55	69	16	132	364	66	16
0	39	0	10	0	8	6	15	60	102	163	313	15	4
4	81	108	25	17	0	12	72	52	108	195	398	75	5
0	55	38	18	5	0	15	44	120	12	90	254	40	0
3	16	58	5	5	6	9	13	130	41	86	292	13	0
13	68	89	0	9	4	4	15	128	66	138	391	16	9
0	134	47	4	0	11	27	67	111	126	139	284	32	3
8	130	50	10	0	15	20	20	121	76	83	380	11	0
5	46	9	0	0	9	22	33	132	59	183	258	19	0
0	47	27	4	4	3	8	6	49	69	138	267	60	13
0	90	23	0	0	4	4	24	98	42	87	178	80	10
0	22	42	0	4	0	20	4	207	82	108	139	28	3
0	14	10	0	0	0	8	4	22	6	62	231	39	4
11	10	9	0	0	0	0	4	47	6	52	94	29	8
0	151	22	3	4	8	0	31	66	43	57	171	0	0
17	0	15	0	0	0	0	19	6	28	81	149	58	0
0	57	49	11	0	0	12	36	55	8	109	187	16	0
22	35	34	17	0	0	6	18	134	41	81	96	25	8
0	21	21	4	0	8	3	20	85	39	59	263	23	5
4	14	24	4	0	5	3	71	104	53	111	253	91	12
0	27	5	0	0	0	0	52	75	58	132	266	11	21
4	47	24	5	0	0	6	8	44	33	103	154	26	0
5	127	50	4	0	4	5	7	43	15	46	66	52	5
0	37	9	0	0	0	4	18	59	27	95	236	10	0
0	51	27	13	8	5	31	19	62	35	177	219	71	0
5	123	103	0	0	0	22	9	269	166	37	200	43	0
0	71	87	17	0	0	11	79	85	53	102	416	88	4
4	81	38	11	0	0	11	0	76	20	29	127	41	6
9	56	59	0	0	5	28	0	48	49	105	191	23	0
5	0	15	0	0	4	8	9	27	8	61	260	37	0
0	14	14	0	0	0	9	0	89	30	50	162	17	0
7	55	16	0	9	4	5	24	70	14	22	188	75	0
12	60	33	23	4	9	19	26	89	14	85	249	26	4
17	91	20	0	0	7	22	18	112	59	25	185	32	16
13	75	38	12	6	0	0	27	137	49	172	222	43	5
6	58	33	0	0	0	0	18	75	0	111	217	28	10
0	16	17	21	0	4	0	15	135	104	28	157	21	0
5	35	25	0	7	0	23	5	81	129	60	183	0	0
0	0	5	0	3	0	12	8	96	172	72	383	35	7
0	16	33	8	0	4	4	3	64	21	126	306	0	0
4	76	41	26	13	7	0	18	41	86	83	149	18	5
9	84	26	4	3	6	4	27	71	17	113	169	40	0
4	60	97	0	0	0	12	43	116	36	133	188	32	4
8	43	51	11	0	5	5	0	44	42	39	128	55	0
0	60	6	5	0	0	0	12	78	90	114	249	47	0
5	53	61	0	0	0	6	63	23	43	9	225	43	4
0	22	24	3	11	0	6	9	66	33	31	211	85	0
13	41	22	5	0	0	27	32	54	0	157	152	34	4
12	43	32	9	3	0	0	6	64	0	119	341	7	5
9	81	39	17	4	6	8	46	100	20	82	201	9	0
5	30	16	4	0	0	0	6	104	20	26	51	0	6
0	67	25	4	5	11	4	19	0	20	139	177	113	4
0	0	4	0	0	5	0	5	37	24	19	156	5	0
0	36	71	4	0	0	5	4	17	68	8	115	43	11
0	19	47	12	0	13	4	10	53	56	4	49	35	4
0	0	0	0	0	0	0	34	33	16	122	245	31	12
0	48	19	3	7	9	0	23	9	13	6	47	14	5
0	22	18	0	0	0	0	10	9	16	28	83	41	7
0	7	0	0	0	0	0	11	32	6	27	92	13	0
0	0	11	0	0	0	6	9	20	10	62	148	43	19
5	27	44	5	0	5	4	17	31	21	109	325	50	0
0	110	14	0	25	0	9	27	42	9	60	210	5	8
0	60	8	5	0	0	0	0	16	6	57	91	8	0
12	31	15	0	0	4	0	0	25	24	108	134	15	5
0	39	11	11	0	5	0	5	53	20	37	73	17	0
0	32	29	0	4	0	5	16	41	57	28	145	17	0
0	69	0	0	0	0	4	3	39	4	36	173	34	5
8	36	6	0	12	0	0	0	61	36	25	164	33	9
13	26	23	32	0	0	5	36	7	5	10	22	8	0
0	10	0	0	0	7	0	0	6	0	10	28	6	0
0	4	18	0	0	0	0	0	10	0	0	33	6	0
0	4	0	0	0	0	0	0	28	6	42	46	9	0
0	20	17	8	0	0	0	0	16	0	0	34	7	0
0	19	19	0	0	0	0	0	102	17	28	126	6	0
0	5	25	4	0	0	3	5	8	124	15	112	0	0
0	59	9	0	0	0	0	0	0	7	40	124	25	0
0	23	10	0	0	0	3	7	63	42	95	257	49	10
0	29	37	0	11	0	4	17	26	4	47	28	27	0
0	41	0	0	0	0	0	0	25	0	22	4	0	0
0	0	5	0	0	0	0	0	16	0	27	81	0	0
5	105	22	0	0	0	0	0	15	28	6	11	0	0
0	4	0	0	3	4	4	0	7	5	29	67	15	6
0	3	4	0	0	0	0	4	32	0	36	152	30	0
0	0	4	0	0	0	6	0	15	0	10	35	7	0
0	22	0	9	0	7	4	20	12	0	30	55	0	0
16	120	16	4	3	0	11	12	0	11	0	60	6	0
0	6	0	4	0	0	4	0	8	38	31	76	18	4
4	0	0	0	0	0	0	9	25	9	36	113	62	0
0	0	0	0	0	0	0	0	26	6	8	19	7	15
0	9	4	0	0	0	0	0	0	21	28	10	15	9
0	18	7	0	5	0	0	6	0	0	4	20	6	0
0	0	33	0	0	0	0	0	18	0	10	20	25	0
5	22	4	0	0	0	0	4	0	12	20	38	0	0
0	33	9	0	5	0	0	43	27	69	40	49	8	4
0	11	4	0	0	0	10	0	7	9	29	32	0	0
0	12	0	0	0	0	0	4	7	4	35	11	0	0
0	6	0	0	0	9	0	4	8	0	14	67	14	0
0	106	0	0	4	0	0	0	0	8	68	97	31	0
0	0	5	0	0	0	0	0	6	27	4	58	46	0
0	0	0	0	0	0	8	0	9	0	18	6	0	0
0	7	7	0	3	8	0	7	39	0	19	13	33	0
0	111	5	0	0	0	4	6	24	18	12	29	25	0
0	8	14	0	0	0	0	0	0	0	0	0	0	0
0	7	8	0	0	0	0	4	13	0	11	5	0	0
0	0	0	0	0	0	0	5	19	0	0	31	6	0
0	0	4	0	0	0	0	17	0	0	18	7	0	0
0	11	0	0	0	0	0	0	0	9	8	17	0	4
0	8	0	0	0	0	0	0	34	3	9	24	0	0
0	0	5	0	0	0	0	0	6	0	38	33	10	0
0	0	0	0	0	0	0	5	37	5	34	39	0	0
0	0	0	0	0	0	0	0	7	0	46	36	0	0
0	5	0	0	0	0	0	0	55	0	11	49	0	0
0	0	0	0	7	0	0	0	7	16	10	31	0	0
0	18	0	6	3	0	0	3	15	13	9	42	9	0
0	29	19	0	0	0	0	0	24	0	7	38	5	0
0	6	3	0	0	0	0	0	0	0	0	47	6	0
0	0	0	0	0	0	0	0	7	0	19	11	0	0
0	0	0	0	0	0	0	0	9	0	58	111	0	0
0	47	29	0	0	17	0	9	22	45	9	39	19	0
0	0	0	0	0	0	0	0	23	4	8	32	0	4
0	0	15	0	0	0	0	0	0	8	30	47	8	0
0	39	11	15	14	0	0	0	10	19	35	61	0	4
0	46	6	0	5	0	0	0	10	33	6	41	33	0
0	5	18	7	0	0	0	0	25	0	24	33	19	0
0	0	5	0	0	0	0	0	0	0	0	42	5	0
0	0	0	4	0	0	0	0	9	0	0	51	11	7
0	8	16	0	0	0	0	0	8	0	0	0	0	0
0	0	0	0	0	0	0	0	20	3	7	6	0	0
0	0	0	0	4	4	0	0	0	0	0	66	0	0
0	11	0	0	0	4	0	4	20	0	6	19	6	0
0	29	14	0	0	0	0	0	0	0	0	0	0	0
0	5	0	0	0	6	59	52	62	108	229	351	37	8
4	110	34	19	26	11	37	57	77	67	52	438	46	9
10	210	53	29	11	3	9	48	49	119	185	308	67	3
12	20	37	27	12	0	11	10	105	155	100	378	95	9
0	35	34	37	10	0	6	10	87	229	119	384	15	4
6	131	43	0	13	9	13	42	78	26	70	224	110	9
5	184	41	22	3	7	27	27	232	5	202	352	71	8
0	43	141	4	0	12	13	26	219	152	143	497	71	4
24	163	38	25	13	14	15	54	111	125	193	179	65	8
8	93	49	0	0	12	14	57	112	172	93	261	42	4
14	70	48	4	8	4	28	70	150	41	84	223	70	0
0	78	45	14	0	0	12	0	107	119	168	279	35	17
7	223	43	4	0	4	20	20	205	98	113	443	70	20
12	116	28	5	8	0	6	6	69	27	32	254	84	3
5	75	45	16	6	3	4	17	24	35	91	316	38	5
4	67	22	0	0	3	14	33	87	48	56	257	5	0
5	114	25	10	0	12	14	33	150	74	110	330	45	14
0	102	47	4	0	7	32	34	185	79	76	257	44	16
0	241	94	18	9	8	45	18	83	13	102	269	155	5
0	88	21	18	4	5	17	8	99	161	210	467	52	0
7	56	64	4	0	13	0	11	130	63	112	427	34	0
0	45	51	10	5	0	15	25	115	75	57	429	117	10
21	140	56	16	13	9	17	21	188	17	89	364	78	5
8	153	47	16	4	0	26	49	118	52	136	444	21	19
0	82	63	0	0	0	22	10	171	21	246	238	14	4
4	43	38	15	10	20	16	70	209	30	119	397	40	0
5	126	8	30	0	11	17	24	60	33	123	400	64	8
8	131	60	18	7	0	40	38	296	45	111	339	28	17
22	122	91	13	13	12	21	21	102	61	133	413	74	7
4	150	59	25	7	9	28	38	80	91	127	271	83	0
16	167	93	19	15	7	24	51	152	66	59	317	33	9
8	129	55	16	4	0	25	98	179	24	126	494	97	9
0	102	97	60	13	37	9	16	190	238	270	455	130	11
4	103	33	32	4	9	0	51	163	114	147	463	85	0
9	39	33	4	0	0	0	5	150	63	86	311	62	12
9	96	124	24	0	5	8	13	61	35	507	382	32	18
19	164	78	17	13	6	30	33	140	6	54	231	5	0
17	77	26	5	10	7	4	39	194	40	87	199	18	0
0	17	23	20	0	0	4	12	181	33	136	304	7	7
0	85	23	0	0	0	0	9	158	88	99	237	51	4
0	54	33	9	0	9	5	36	115	86	93	272	20	32
13	63	73	37	15	11	8	36	253	83	86	400	101	0
4	161	47	4	8	5	5	27	200	88	112	194	37	8
24	68	17	8	0	6	7	23	12	14	53	216	27	13
0	94	0	5	3	0	4	25	54	195	28	191	49	16
22	152	68	0	4	42	0	17	150	49	83	317	73	8
7	90	65	10	16	0	0	17	168	120	96	264	37	0
11	102	51	14	3	20	4	45	133	228	229	352	6	0
0	31	44	14	5	0	16	26	92	26	75	223	33	0
25	213	75	0	0	31	17	0	269	87	140	365	51	6
5	117	26	0	8	19	18	22	150	12	43	246	42	5
25	32	23	5	0	4	6	10	86	16	71	361	54	15
14	100	43	13	3	0	9	46	150	87	95	330	77	14
9	74	40	18	23	13	12	37	156	19	101	333	65	6
6	125	60	13	4	0	4	30	119	28	116	270	89	6
0	61	29	12	10	5	0	34	183	113	49	271	23	0
0	78	15	8	0	0	16	59	131	58	119	334	13	6
0	43	17	7	0	18	0	19	89	11	140	259	6	4
0	57	19	5	10	0	22	11	146	27	78	174	11	0
0	25	9	6	0	0	0	0	75	37	40	154	19	4
0	29	8	0	0	0	4	0	49	88	90	167	48	8
0	26	7	13	0	11	3	0	108	7	27	85	0	0
0	23	4	0	0	4	0	9	0	18	123	282	32	18
20	50	9	0	3	0	7	5	127	31	67	336	102	4
7	161	30	6	0	4	4	18	57	20	43	160	26	0
6	38	22	9	0	5	14	52	59	10	101	164	33	0
6	41	5	4	0	20	25	35	72	8	135	221	16	0
0	22	24	0	0	12	5	17	78	50	66	209	73	6
0	37	48	0	3	0	10	24	62	7	120	125	74	7
0	85	38	14	0	0	12	16	69	3	56	150	0	10
0	5	6	4	0	0	0	8	82	0	28	269	29	0
0	89	30	10	10	0	0	4	70	35	183	198	27	5
38	101	44	3	4	0	17	30	96	20	101	234	22	5
11	228	36	0	3	29	33	85	88	232	116	182	13	20
3	56	30	0	10	0	4	20	19	34	44	155	12	0
14	25	24	4	14	0	5	13	120	0	50	135	20	5
4	76	38	4	4	0	3	26	55	21	59	231	21	0
5	4	18	0	3	0	8	13	116	23	95	291	22	0
0	9	16	0	0	5	12	22	65	15	196	359	56	17
4	119	61	14	9	4	17	23	48	58	65	187	34	0
5	51	15	7	12	4	15	14	43	16	128	239	90	10
8	49	22	4	0	4	20	13	38	42	98	257	74	0
9	31	4	4	0	12	5	14	59	4	94	243	41	0
5	129	35	0	0	0	0	71	53	4	44	139	7	0
0	21	18	0	16	0	25	17	68	24	51	153	18	0
0	44	40	3	9	0	21	69	116	39	72	255	5	0
5	67	34	5	0	0	14	20	33	85	19	142	16	0
16	139	31	7	0	0	23	4	66	41	103	92	19	0
5	55	8	5	8	16	7	9	19	41	51	225	10	9
27	4	37	4	0	8	0	40	105	44	69	127	61	6
9	53	12	6	5	0	4	6	17	7	61	194	6	19
0	63	61	5	4	5	0	68	186	183	96	206	67	8
20	48	41	0	0	4	7	39	31	29	77	160	29	6
0	84	56	7	4	9	0	0	30	14	124	146	12	3
5	31	18	7	3	12	0	0	85	29	54	161	122	0
0	62	25	0	4	5	27	25	59	106	83	157	23	5
6	61	50	7	0	21	0	5	54	17	21	137	0	0
0	29	7	0	0	4	13	27	24	13	35	150	12	11
11	19	24	7	9	5	6	0	110	63	135	113	17	0
0	20	14	5	0	4	0	6	25	9	29	80	0	0
10	31	18	3	0	0	4	3	18	66	62	126	0	0
4	79	8	16	0	5	0	0	27	41	29	75	14	4
0	16	0	0	0	4	22	19	74	23	70	210	10	0
4	52	15	11	0	10	8	3	27	0	9	60	15	0
5	8	0	0	0	4	4	3	30	5	85	35	23	4
0	0	5	0	0	13	0	0	0	18	34	79	10	0
0	9	16	0	6	0	6	13	48	11	107	149	38	10
10	87	5	9	13	3	0	8	47	90	102	268	78	8
0	12	71	9	4	5	5	0	58	40	41	139	22	0
4	35	27	7	0	0	0	7	66	12	26	60	24	3
0	31	6	10	0	0	3	42	47	27	20	198	0	0
0	69	10	5	3	0	0	5	83	83	37	144	0	4
0	19	31	0	0	0	19	21	54	23	76	71	5	0
0	0	7	0	0	5	0	6	13	36	38	145	21	0
0	29	39	0	0	0	9	32	29	53	67	153	54	0
0	124	13	0	0	14	0	0	45	3	0	48	0	10
0	0	5	5	3	0	5	0	21	0	0	61	32	0
0	10	11	0	0	0	0	0	0	0	0	16	0	0
0	5	0	0	0	0	0	0	16	5	33	29	10	0
0	22	13	0	0	0	6	0	14	0	5	39	0	0
0	13	0	0	0	0	6	0	68	21	70	98	5	0
4	14	5	0	0	0	4	4	10	20	10	115	6	0
0	35	11	0	0	0	0	0	9	3	24	98	0	0
0	17	8	4	0	0	0	18	103	118	94	122	24	15
0	47	28	0	0	0	0	7	17	4	23	91	0	0
0	20	0	0	0	0	4	6	38	10	5	42	0	0
0	20	0	7	0	0	0	0	37	0	10	86	18	8
0	24	0	0	0	0	0	7	0	14	7	34	26	0
0	12	34	5	0	0	0	0	17	14	17	68	11	0
0	11	4	0	0	0	4	7	20	22	15	21	0	0
0	0	4	0	0	0	0	0	6	6	21	79	0	7
0	43	14	6	0	8	0	0	13	0	34	66	14	5
8	25	0	0	4	3	0	0	0	0	15	14	8	0
0	7	0	0	0	0	0	30	55	0	64	94	6	0
0	4	0	0	0	4	0	0	13	16	89	71	122	5
0	0	0	0	0	0	0	18	24	0	12	33	0	0
0	5	5	0	0	0	0	5	52	18	21	65	6	4
0	0	33	3	0	5	0	4	0	0	35	22	0	0
4	0	0	0	0	0	0	0	16	0	5	42	22	0
0	6	0	0	0	0	0	0	34	125	14	19	0	0
0	0	7	0	4	14	5	3	8	9	17	29	0	0
0	23	24	0	6	0	4	15	9	0	0	60	13	0
0	18	0	0	0	0	4	0	11	0	0	41	0	0
0	5	0	11	0	0	10	0	61	33	21	8	6	6
0	16	23	0	0	0	0	3	208	8	11	19	8	0
0	5	5	0	0	0	19	9	10	10	84	86	24	0
0	6	0	0	6	0	0	0	0	0	14	26	64	0
5	5	20	4	0	0	8	0	0	0	57	29	6	4
0	26	5	0	3	0	15	14	9	0	38	83	22	0
4	21	4	0	0	0	0	0	0	0	0	25	37	0
5	34	0	0	0	0	0	0	0	0	0	0	0	0
0	0	6	0	0	4	7	0	10	0	17	28	0	0
6	26	25	4	0	6	0	5	11	0	0	0	0	0
0	0	0	0	0	0	0	0	0	0	0	30	0	0
0	0	0	0	0	0	0	0	9	0	19	16	0	0
0	0	0	0	0	0	0	0	10	0	64	108	0	4
0	5	9	0	0	0	0	7	56	0	19	46	0	0
0	8	0	0	0	0	0	0	32	0	19	22	0	5
0	0	0	0	0	0	0	0	10	12	28	6	0	0
0	0	23	0	0	0	0	0	41	4	16	7	8	0
0	13	7	0	0	0	0	0	18	10	14	48	0	0
8	0	19	0	0	0	0	0	16	0	17	36	7	0
0	0	24	0	0	0	0	0	0	18	24	32	0	0
0	0	0	0	0	0	0	0	0	0	10	24	0	5
0	9	0	0	0	0	0	4	30	11	0	49	0	0
3	15	13	9	0	0	0	24	14	8	34	40	12	0
0	0	9	0	0	0	0	6	20	0	28	28	0	0
0	13	4	0	0	0	0	0	68	13	35	78	44	0
9	113	77	0	0	0	0	0	6	0	14	95	9	4
0	4	9	0	0	0	0	0	0	7	155	38	6	0
4	10	5	0	0	0	0	0	7	0	21	31	0	0
0	5	0	0	0	0	0	0	0	0	15	25	20	0
0	31	6	0	0	0	3	17	0	0	9	52	0	0
0	0	0	0	0	0	0	0	0	0	0	0	0	0
0	6	0	0	0	0	0	0	0	11	37	19	36	0
0	0	19	0	0	0	0	0	0	0	3	26	0	0
0	0	4	5	0	4	0	0	0	0	6	0	0	0
6	0	0	0	0	0	0	0	0	0	0	0	0	0
0	0	14	5	14	8	9	15	149	63	73	431	85	38
10	88	115	17	24	12	63	12	73	137	154	289	44	4
4	109	50	12	0	9	6	7	154	89	133	395	126	4
6	174	57	0	5	5	7	39	161	172	111	204	59	0
4	251	98	10	0	0	12	39	140	159	32	374	87	6
0	105	59	11	4	0	9	32	157	52	147	349	44	9
5	175	44	12	14	4	0	62	159	87	118	421	41	0
47	104	37	19	0	4	50	48	221	165	113	329	28	14
0	178	107	6	3	9	34	114	262	33	150	290	61	0
7	98	40	37	3	8	57	48	89	49	136	331	24	0
3	47	68	6	10	11	8	34	73	27	129	192	30	4
0	83	39	0	8	0	4	35	113	150	122	376	28	5
5	74	12	11	4	5	24	18	162	85	190	396	27	11
8	43	18	0	0	0	7	28	61	90	62	329	0	0
8	83	24	8	7	5	3	39	60	27	171	345	14	4
0	34	16	7	4	4	0	25	167	24	68	343	68	11
0	77	43	13	8	6	10	41	146	111	159	369	26	14
0	93	41	11	5	5	13	41	133	10	92	333	12	4
4	105	55	9	13	5	5	0	38	64	161	313	141	4
4	134	50	5	9	4	15	54	162	105	140	498	40	18
10	27	17	11	3	0	23	37	108	60	220	390	25	12
8	93	22	0	7	5	5	13	47	109	172	310	51	8
8	244	68	9	0	4	60	44	179	180	145	393	49	10
6	81	62	4	3	6	10	9	102	138	120	540	99	31
12	72	53	5	9	0	9	4	234	32	27	429	35	14
5	166	116	19	9	23	18	11	97	121	163	244	22	7
0	213	48	11	4	16	20	29	85	65	266	350	92	7
11	118	84	0	8	4	8	49	83	25	147	402	132	7
17	108	73	34	9	6	14	37	76	52	140	294	40	0
9	244	62	5	7	8	9	28	155	61	196	496	95	8
14	190	86	18	3	15	44	38	80	31	74	460	68	8
16	169	26	15	12	32	11	73	173	56	126	399	34	8
9	284	64	64	12	4	19	30	224	72	219	405	24	5
0	192	65	8	0	10	35	49	181	103	215	439	96	3
6	64	51	5	3	0	21	31	63	113	202	554	19	3
27	153	38	4	12	0	10	7	147	140	114	401	64	11
10	178	57	17	15	9	16	12	25	29	54	303	38	24
0	86	43	7	5	4	13	29	140	37	84	168	42	4
0	113	35	3	0	4	24	62	187	46	85	438	33	0
0	52	30	0	0	4	15	19	48	25	129	346	25	5
10	151	21	5	4	5	8	9	94	22	72	276	57	9
8	158	75	14	0	5	13	9	213	26	145	209	76	16
16	58	24	12	0	4	10	26	128	53	110	141	138	0
0	73	21	4	12	3	8	15	62	54	36	185	18	0
0	45	23	4	4	8	12	4	66	52	339	293	56	11
16	29	28	38	0	6	12	42	169	50	122	342	23	8
0	79	39	6	0	11	47	62	94	28	46	269	67	0
4	71	67	16	0	3	14	64	103	102	103	324	42	3
3	82	40	0	13	0	6	13	72	103	84	236	33	10
25	24	48	36	9	0	41	27	169	63	102	159	7	12
0	53	51	12	3	0	47	5	89	21	108	183	33	0
5	55	21	4	0	4	17	38	67	31	106	382	102	5
8	54	46	0	0	21	10	18	138	59	180	428	167	14
0	118	118	9	8	9	4	81	51	37	114	407	38	5
0	208	46	16	4	4	16	32	56	64	121	286	58	3
0	151	34	12	0	4	18	11	10	3	132	256	27	0
4	79	12	0	0	9	5	55	137	21	70	317	15	0
5	50	15	13	0	0	4	9	158	38	74	171	43	0
4	25	44	0	7	0	4	38	55	24	55	149	54	0
0	40	26	8	0	0	4	20	24	21	35	160	36	0
0	50	0	0	0	0	4	4	58	18	134	307	13	4
6	62	26	10	5	0	11	33	29	21	116	158	24	5
0	5	5	0	0	0	0	5	49	28	53	169	53	0
0	89	51	0	0	0	13	23	83	62	127	293	24	13
7	46	37	0	4	8	5	9	66	68	31	76	6	4
4	75	41	10	0	8	7	4	62	20	88	276	15	0
3	37	54	16	8	0	7	24	91	58	68	199	41	0
0	46	4	11	0	0	4	33	37	45	88	214	17	0
14	39	56	4	3	10	8	17	76	13	123	364	125	4
4	79	15	0	0	0	0	8	80	29	25	158	0	4
0	49	30	4	0	0	9	26	16	98	81	238	54	10
15	135	53	4	0	0	0	0	44	5	78	310	20	0
0	47	71	9	0	0	10	13	142	44	36	267	59	10
0	73	22	39	17	17	16	77	121	27	94	304	27	0
4	24	23	0	0	4	0	6	85	42	5	146	33	0
0	81	73	0	0	7	8	49	37	4	71	139	64	17
0	52	36	0	0	0	6	12	16	8	116	156	6	0
0	34	18	5	0	0	11	14	47	62	76	202	44	4
5	50	13	6	10	9	0	0	100	109	190	309	0	13
4	53	54	7	18	12	14	40	27	59	122	287	54	0
0	114	75	15	0	6	4	8	73	46	143	269	43	6
6	33	0	4	4	4	21	0	69	131	104	224	7	0
0	43	14	19	4	5	0	4	74	7	150	102	0	15
0	45	14	0	0	29	13	21	71	14	50	114	0	0
4	4	50	0	8	4	7	9	7	42	55	161	24	0
11	35	19	0	4	15	4	56	42	16	27	180	28	18
4	58	0	3	0	4	15	61	71	14	118	82	29	0
5	41	14	0	5	0	3	9	88	4	69	266	23	0
0	20	18	10	0	0	0	5	57	35	34	146	61	0
4	58	60	5	11	11	6	25	89	36	71	74	13	11
0	25	11	0	0	0	9	0	21	5	86	228	20	4
20	13	0	4	0	4	0	15	109	110	108	260	70	5
6	52	39	29	0	7	7	14	111	65	96	334	22	10
14	75	21	13	0	0	0	4	127	25	37	98	0	0
0	20	25	19	0	0	0	7	60	34	138	183	14	0
0	45	22	0	11	7	22	7	58	25	64	264	9	0
8	84	10	28	8	0	10	27	27	30	31	112	0	0
0	9	0	4	4	3	9	11	38	81	12	124	22	0
5	96	21	13	0	0	11	33	119	52	40	68	11	4
0	55	0	3	0	0	5	12	19	6	20	128	51	0
0	50	24	0	0	0	0	21	11	30	46	135	19	0
0	86	21	15	0	0	0	0	71	12	76	154	8	0
0	26	29	0	9	5	9	3	100	8	41	82	0	0
4	46	0	9	0	0	0	3	21	4	87	34	21	0
0	9	24	8	0	0	14	8	51	4	14	56	0	0
0	10	4	13	0	0	0	5	11	17	10	103	8	0
0	26	26	0	4	3	0	0	49	44	67	161	20	6
0	53	24	13	0	5	12	48	58	125	130	204	13	0
25	81	31	11	4	0	0	15	50	16	53	47	9	0
0	55	11	0	0	0	0	0	0	0	26	116	16	0
4	74	0	5	0	18	8	31	39	27	25	155	14	22
0	30	18	0	0	0	8	21	109	69	19	143	34	0
4	96	11	4	4	10	5	5	39	61	22	77	28	0
0	13	11	0	0	0	8	16	57	19	109	164	7	0
22	4	5	0	0	4	0	21	176	23	80	86	7	0
0	12	19	17	0	0	26	0	10	3	5	50	20	0
0	19	0	0	4	0	0	5	0	20	28	150	18	0
4	7	10	0	0	0	0	0	16	0	5	79	0	0
0	6	0	0	0	0	0	3	28	0	24	16	0	0
3	4	8	0	4	0	16	12	32	0	0	49	21	0
0	4	5	0	0	0	0	4	38	3	53	73	31	0
0	19	0	4	0	0	0	4	0	9	52	138	18	0
0	20	8	0	0	0	0	8	42	3	18	65	72	0
0	87	10	0	0	12	0	4	117	97	80	121	25	0
13	0	13	0	3	0	0	0	26	0	27	51	0	0
0	18	5	0	0	3	0	5	7	0	0	30	0	0
0	19	10	0	0	0	0	0	0	20	50	53	42	5
0	7	0	0	0	0	0	0	9	0	40	27	0	0
4	16	9	0	0	0	0	7	23	0	58	41	0	8
0	4	4	0	0	0	24	33	40	0	0	17	5	0
0	23	12	0	0	0	0	0	30	8	14	97	14	6
0	15	10	12	0	0	4	5	7	0	43	100	7	0
0	15	33	13	0	0	0	11	7	3	21	46	35	0
0	0	8	0	0	8	0	8	62	8	0	61	0	0
0	0	0	5	0	0	0	0	86	15	127	31	0	0
0	6	5	0	0	4	0	12	15	18	6	33	15	0
0	16	4	0	0	0	0	0	32	0	42	71	0	0
6	7	0	5	0	0	0	0	47	10	11	17	37	0
0	5	0	0	0	0	0	6	17	26	5	92	24	0
0	9	0	0	0	0	0	11	0	0	7	66	5	0
4	9	8	10	0	0	0	0	15	0	10	55	0	0
4	7	24	4	8	0	0	6	0	0	14	23	0	0
0	11	0	0	0	0	0	0	0	0	0	32	0	3
0	22	3	0	6	0	0	0	25	0	5	85	0	0
9	0	0	0	0	0	5	14	44	12	19	51	13	0
0	0	0	0	23	4	0	0	58	7	19	30	0	0
0	0	31	0	0	0	0	0	7	13	78	64	7	0
5	36	0	4	14	0	0	3	116	8	16	77	15	0
0	24	11	0	0	6	7	4	58	29	7	34	11	0
0	4	4	0	0	0	0	0	26	0	30	56	46	0
0	6	0	4	0	0	0	0	0	0	0	6	0	0
0	4	0	0	0	0	0	11	0	7	5	7	18	0
7	20	6	8	0	4	11	0	0	0	0	0	0	0
0	0	0	3	0	0	0	0	0	0	39	39	0	0
0	4	10	0	0	0	5	0	0	0	22	39	0	0
0	5	4	0	0	0	0	0	15	0	24	149	0	0
0	47	0	0	0	3	28	0	13	0	16	58	0	0
0	6	0	0	0	0	8	0	33	0	5	36	0	0
0	17	0	0	0	0	6	46	28	0	5	7	0	4
8	0	0	0	4	0	0	0	27	0	12	16	8	9
3	26	11	0	0	0	0	0	8	13	15	22	29	0
5	0	0	0	0	0	8	0	0	7	5	34	18	0
0	38	11	0	0	0	0	4	52	4	6	83	48	0
0	5	0	0	0	0	3	6	32	0	0	68	8	9
0	0	6	0	0	0	4	20	0	14	0	0	10	0
0	94	0	0	0	5	0	4	97	4	18	5	0	0
0	6	0	3	0	0	0	0	0	0	14	37	44	6
0	0	0	0	0	0	9	0	25	5	68	35	16	9
21	12	13	0	0	0	0	5	0	30	38	39	0	0
6	67	0	0	0	0	0	0	30	0	56	40	0	0
0	0	0	0	0	0	0	0	15	0	12	65	0	0
0	5	0	0	0	0	0	0	0	0	40	86	5	0
0	4	0	0	0	6	0	3	0	19	9	25	0	0
0	0	0	0	0	0	0	0	0	0	0	4	0	0
0	5	0	0	0	0	0	0	7	16	23	11	0	0
0	20	0	0	0	0	0	0	0	0	12	20	0	0
0	17	8	5	0	0	0	0	0	0	5	30	0	0
0	0	0	0	0	0	0	0	0	0	0	7	0	0
0	106	105	21	4	5	31	25	217	104	130	402	20	8
27	115	64	14	31	0	62	49	104	57	58	268	81	4
11	108	48	10	8	0	0	17	170	100	214	200	26	4
16	68	39	6	0	0	23	86	199	27	72	149	37	3
14	42	28	8	0	8	11	92	63	134	78	506	0	0
10	86	55	7	7	5	33	29	164	150	109	315	21	3
6	197	57	5	0	5	16	21	80	93	111	119	123	5
0	111	81	14	29	11	24	53	69	137	131	293	34	1
9	166	73	18	9	27	49	26	136	65	147	251	49	14
0	134	41	16	7	0	18	26	68	3	88	236	87	5
14	83	59	22	0	15	14	24	163	11	48	290	24	7
0	40	50	0	0	13	9	43	109	56	165	275	59	0
0	78	46	0	7	10	4	11	180	124	93	391	92	4
5	20	43	0	5	9	0	23	107	9	63	298	54	5
4	119	18	10	0	14	22	13	128	198	70	200	37	6
0	93	31	0	0	4	0	18	47	172	132	331	124	23
5	150	59	8	6	17	11	22	129	127	108	402	75	16
4	172	64	8	4	13	21	47	66	59	90	407	38	0
6	110	100	12	0	0	0	33	139	52	91	371	31	12
4	83	37	4	4	9	19	70	144	151	152	449	204	0
0	130	23	0	7	12	13	64	175	39	110	281	97	0
5	92	59	12	0	5	7	35	196	115	147	455	55	44
12	61	54	10	14	5	27	89	180	95	60	370	52	7
9	89	56	22	0	0	15	68	241	148	251	469	31	3
5	41	51	4	0	0	19	20	81	87	184	287	30	0
30	203	50	34	18	4	17	64	168	69	98	525	26	9
0	127	71	14	4	4	12	62	146	72	257	379	75	4
11	99	84	3	7	20	7	12	235	69	202	477	112	0
13	138	92	8	0	7	41	38	148	149	89	459	90	4
9	76	54	15	0	4	13	49	183	54	245	369	62	0
10	198	118	19	24	10	25	48	75	89	141	360	272	0
0	106	56	39	14	9	23	57	199	44	61	440	57	17
14	234	46	16	9	4	15	50	258	91	115	434	127	4
12	133	22	8	10	19	4	41	183	49	198	375	57	22
8	82	38	3	4	10	9	29	154	91	140	348	37	5
5	36	31	5	15	0	34	24	192	135	111	344	142	13
11	146	77	15	11	0	0	38	67	121	57	301	70	0
6	86	36	4	8	17	0	13	63	16	172	184	45	5
0	67	5	0	9	10	23	12	115	55	113	323	12	0
4	26	24	7	0	6	15	5	164	68	101	211	69	4
0	85	14	8	0	0	9	4	91	52	128	436	42	0
15	67	22	5	0	0	8	42	213	13	142	511	67	0
5	131	20	4	3	6	11	5	78	72	157	172	44	0
4	97	34	7	0	4	26	34	54	31	85	235	39	12
0	26	41	10	0	0	10	5	67	77	131	374	47	4
5	200	8	0	10	0	10	23	134	130	100	179	30	4
10	56	38	12	14	14	6	25	82	54	103	381	80	0
3	118	27	8	12	9	15	7	74	58	152	292	121	13
9	74	52	4	7	4	16	15	108	33	158	473	58	6
0	198	57	0	20	12	21	26	168	54	82	368	20	0
9	144	40	3	13	0	11	8	52	9	76	141	59	9
4	88	27	9	4	14	9	26	245	73	166	248	81	0
6	75	53	25	11	0	11	19	167	134	272	367	75	0
32	123	38	12	0	24	5	45	157	63	119	438	29	13
10	95	26	4	8	7	17	16	67	70	164	263	63	10
11	116	20	8	5	0	8	8	53	36	87	316	14	5
0	40	47	28	0	8	9	5	53	47	85	176	24	0
3	111	20	0	0	0	12	23	17	34	77	265	58	0
10	9	37	8	7	12	5	0	37	14	36	196	7	0
0	28	15	0	4	4	3	4	21	0	53	90	41	0
0	16	25	0	0	0	0	20	9	81	57	336	11	3
3	86	24	0	0	12	4	18	35	62	114	185	32	0
0	46	16	4	0	5	5	14	68	4	117	105	17	0
9	78	34	0	4	9	24	60	115	26	76	387	35	0
6	74	68	10	0	0	8	11	59	7	54	141	26	5
0	45	32	0	0	0	0	11	89	5	125	110	0	0
4	147	56	13	10	4	4	19	40	33	68	158	46	0
0	73	43	0	4	17	0	11	95	82	117	128	53	4
8	43	49	9	4	4	22	25	99	69	196	292	55	5
0	30	65	0	0	0	0	10	20	60	35	140	40	0
0	60	30	8	0	8	6	4	99	64	119	228	12	0
14	47	17	3	0	4	9	21	92	49	43	280	52	12
0	43	60	0	4	0	4	4	138	10	131	223	0	0
13	134	73	23	3	26	19	0	57	183	49	108	16	0
9	0	25	14	0	4	0	4	14	12	66	163	11	9
13	38	12	0	0	14	27	25	28	20	130	277	6	4
9	60	11	11	0	5	0	3	76	0	101	125	0	0
0	43	15	4	4	6	0	42	82	52	80	145	37	0
0	37	45	13	0	0	7	48	178	47	78	286	63	0
17	142	37	12	7	7	16	42	32	68	131	359	21	14
22	88	47	0	0	0	18	17	149	13	109	316	71	4
0	57	66	0	14	0	8	0	92	27	90	100	52	0
0	68	23	0	0	0	6	20	47	0	51	202	33	0
0	124	14	24	0	11	14	4	49	10	91	103	35	0
19	26	29	8	6	0	3	10	23	18	73	214	17	10
5	30	48	15	0	5	45	12	38	0	78	209	36	5
0	44	18	5	8	17	0	13	55	15	45	224	21	17
0	69	64	0	5	0	0	6	51	48	33	232	7	0
9	95	28	0	0	4	5	10	51	21	103	117	0	0
8	131	21	19	0	9	0	0	80	34	31	68	20	5
5	40	17	0	0	0	12	15	10	64	109	241	54	11
0	80	9	17	0	3	25	15	96	81	177	208	34	0
9	96	19	5	4	0	0	18	132	9	68	205	32	4
5	65	16	4	0	0	10	28	43	5	15	131	0	0
10	68	4	0	0	5	10	9	152	16	62	172	17	0
0	26	27	23	5	4	3	5	15	96	85	160	10	5
0	86	34	0	8	0	0	37	22	8	10	137	0	0
0	22	38	4	0	6	0	16	8	27	48	173	0	0
5	33	15	0	3	5	26	48	36	0	65	130	6	0
0	18	11	0	5	10	0	4	40	3	83	213	0	4
3	13	4	0	0	9	3	23	34	37	52	122	6	7
0	52	16	0	0	0	4	0	36	39	30	149	18	0
0	85	58	20	0	0	6	17	23	7	24	226	10	4
0	56	15	0	0	0	0	0	20	5	27	46	24	5
3	33	14	0	5	0	13	4	51	6	0	37	14	3
0	50	5	0	0	0	5	19	14	7	0	121	0	0
12	31	9	0	0	3	6	10	65	47	113	134	41	7
9	61	5	6	9	10	16	36	100	29	43	134	230	0
5	79	12	0	0	0	3	0	85	10	48	73	18	0
0	14	0	0	0	0	5	8	47	76	12	146	24	0
0	9	40	8	4	9	0	4	9	35	62	174	11	0
0	16	10	0	4	4	16	13	0	12	73	69	28	11
5	41	29	13	0	0	11	10	17	47	28	104	42	0
0	16	15	0	0	0	0	6	72	101	31	72	17	0
0	5	43	0	0	0	0	0	47	0	16	15	0	0
0	80	18	0	0	0	0	12	0	5	48	56	15	0
0	0	15	0	0	0	0	0	11	51	18	70	15	0
0	9	0	0	0	0	0	0	70	32	8	10	0	0
0	0	0	0	0	0	5	0	21	0	9	96	7	0
0	5	10	0	8	0	0	4	0	0	7	78	20	9
0	9	20	0	0	0	0	0	23	30	69	135	18	0
0	21	26	0	0	0	0	0	8	19	53	106	6	10
0	5	0	0	0	4	0	5	0	50	91	49	34	4
0	96	0	6	0	0	0	0	40	32	38	106	49	0
5	18	20	0	0	0	0	0	90	5	0	82	8	0
0	8	12	5	0	4	0	0	68	0	0	53	6	0
0	5	4	0	0	0	0	13	60	25	39	134	0	0
0	0	0	5	0	0	0	12	6	0	11	28	0	0
0	19	0	0	3	4	23	9	9	5	10	139	23	5
0	4	8	5	9	0	0	7	10	0	7	15	7	0
4	0	0	4	0	0	16	22	23	30	56	77	42	5
0	100	9	0	0	0	0	0	18	27	39	66	19	0
3	32	0	0	0	0	0	4	10	27	46	64	0	0
5	0	4	5	0	0	0	6	0	5	45	49	0	0
0	22	0	0	0	0	0	0	51	16	29	30	0	0
0	0	0	7	0	4	0	8	14	6	68	34	35	5
0	10	6	0	0	0	16	9	38	16	0	11	12	5
0	14	0	0	0	0	0	28	0	0	80	43	6	0
0	0	5	0	0	0	4	5	6	76	12	70	0	13
0	0	0	0	0	5	0	0	0	6	4	80	0	0
0	111	9	0	0	0	10	7	14	12	22	74	7	0
6	5	10	11	0	4	0	0	0	0	13	17	21	0
0	17	17	0	0	0	0	0	10	0	16	47	0	0
0	11	31	0	0	0	10	9	0	98	0	72	30	0
0	8	0	0	0	6	0	0	6	12	32	70	0	0
0	0	34	4	0	0	5	5	16	4	0	57	0	0
9	33	0	4	0	0	0	5	103	41	15	70	0	11
0	12	22	0	0	0	14	10	31	0	22	38	10	0
4	32	43	6	6	0	6	0	13	47	4	29	0	0
0	0	0	0	0	0	0	0	38	3	35	54	11	0
0	5	0	0	0	0	3	0	0	0	12	0	0	0
0	19	16	0	0	5	3	0	0	0	40	37	8	3
0	42	0	0	0	0	0	0	0	0	0	0	6	0
0	5	0	0	0	0	0	0	0	0	23	43	8	0
0	0	0	4	0	0	8	0	0	0	17	39	0	0
0	0	0	0	0	0	0	0	7	37	4	48	0	4
0	14	0	5	18	0	0	10	20	16	4	54	5	0
0	7	0	0	6	0	0	0	11	12	8	21	0	0
0	5	4	0	0	6	11	6	0	0	7	8	26	0
0	11	5	0	0	0	0	0	0	0	28	68	14	0
0	18	0	0	0	0	5	11	0	12	24	4	9	0
0	0	0	0	4	0	0	5	0	0	43	95	28	8
0	11	0	0	0	4	10	6	16	0	18	49	5	0
0	5	0	0	0	0	4	0	6	0	11	54	36	0
0	0	0	0	0	0	0	0	0	3	30	104	6	0
0	15	6	7	4	0	14	13	21	7	0	28	15	0
0	0	0	4	0	0	8	0	0	4	13	13	0	0
0	0	0	0	0	0	5	6	70	49	30	120	117	0
0	20	0	0	0	5	0	15	0	0	0	13	0	0
0	0	0	0	0	0	0	0	30	4	50	16	19	0
0	0	4	0	0	0	0	0	10	15	0	16	0	0
0	0	0	0	0	0	5	0	38	0	13	33	0	0
0	0	23	7	0	0	0	0	13	0	22	47	0	0
0	0	0	0	0	0	0	0	0	0	0	0	0	0
0	0	0	0	0	0	0	0	20	0	0	5	0	0
0	0	0	0	0	0	0	0	0	0	0	6	0	0
0	13	0	0	0	0	0	0	0	0	0	6	0	0
0	0	0	0	0	0	0	0	0	0	6	9	105	0
16	202	61	10	11	0	13	48	278	152	86	300	57	19
19	95	128	4	31	8	30	32	88	104	89	216	83	5
4	108	34	0	0	0	24	55	254	111	123	339	61	7
4	29	53	13	14	11	32	33	63	0	88	416	36	10
0	73	34	15	3	14	30	92	104	161	29	268	30	0
5	78	62	17	14	15	18	32	141	163	88	279	19	9
22	38	44	10	11	5	5	27	85	33	188	247	49	3
0	81	113	15	17	9	38	63	220	36	131	326	93	7
15	161	62	26	30	11	77	36	128	17	199	362	33	29
4	165	76	16	10	5	0	11	63	74	120	252	119	7
26	135	30	20	9	0	28	10	43	14	128	261	42	0
6	61	45	18	4	4	0	47	61	13	132	290	44	0
4	101	52	4	0	4	17	80	52	95	107	192	23	9
0	40	20	22	0	9	11	64	30	61	132	359	65	0
5	66	24	25	0	0	18	9	100	88	98	266	55	8
5	96	22	11	0	0	6	33	40	160	121	362	66	30
5	134	41	19	9	4	10	51	87	84	124	245	50	5
0	125	32	20	6	11	3	34	98	58	103	138	0	0
12	101	21	0	0	10	9	44	98	18	81	339	55	4
10	31	25	20	9	10	40	45	169	97	156	258	16	6
0	59	42	19	4	11	10	23	93	48	229	371	15	5
12	73	42	3	12	10	13	43	108	121	97	462	52	0
5	91	100	9	14	34	39	35	122	76	129	393	32	5
16	236	59	0	13	20	10	30	216	141	92	276	76	15
22	69	18	0	12	5	0	40	190	49	153	381	26	9
5	177	52	4	9	12	36	12	99	140	118	557	156	0
5	90	43	15	0	15	16	129	137	83	185	352	39	19
21	187	52	30	9	0	50	51	203	78	204	313	87	0
0	83	61	19	33	13	18	75	74	141	102	344	22	0
11	105	36	11	8	10	30	18	232	160	122	468	91	13
16	126	121	5	0	4	18	44	148	113	95	339	61	10
15	278	19	30	14	0	22	20	34	121	177	569	62	9
6	96	62	14	7	10	17	60	89	78	149	472	86	0
0	147	66	15	0	5	0	10	239	90	201	314	44	8
8	77	71	15	4	0	21	24	95	124	163	546	52	0
5	67	60	4	18	8	29	46	88	164	175	361	40	5
14	57	63	0	0	11	4	35	36	84	89	250	61	0
0	97	47	16	0	0	13	4	83	25	90	272	47	0
0	76	43	20	4	0	15	10	55	98	75	224	70	6
0	53	47	10	4	5	6	60	24	44	233	307	53	0
4	84	32	0	7	0	4	42	145	57	111	331	60	0
4	61	34	0	0	8	9	54	175	141	119	190	73	0
4	105	63	10	4	0	4	9	226	5	47	166	0	5
12	83	22	4	12	0	23	13	39	29	108	406	41	7
0	82	40	4	7	0	10	45	144	21	110	280	37	0
0	58	69	7	9	3	23	35	136	56	82	359	40	0
0	75	85	20	4	9	8	26	183	83	168	133	78	12
5	89	35	19	5	5	4	16	89	69	183	297	29	0
13	126	31	4	5	4	14	15	142	101	141	425	61	12
4	43	89	9	12	4	4	21	76	43	154	280	43	0
6	76	104	10	4	4	5	4	60	21	174	252	44	9
0	50	78	17	0	5	34	25	244	83	119	279	51	0
5	107	68	4	9	4	0	41	240	67	161	375	29	22
9	130	33	29	0	11	41	26	112	161	86	439	66	4
4	86	59	11	9	0	17	4	73	80	145	401	77	0
4	82	60	0	4	8	8	6	88	20	72	318	30	8
4	152	36	19	3	0	3	20	102	10	82	138	22	0
3	51	13	12	0	5	4	8	62	59	77	235	26	0
16	73	18	9	0	0	0	8	101	22	22	172	27	0
0	47	11	4	0	0	11	0	19	0	54	143	35	0
0	16	18	0	0	10	0	52	66	97	108	231	25	0
0	33	35	9	0	5	23	0	59	83	86	245	20	12
0	64	9	9	0	0	0	26	126	15	75	105	94	0
0	37	57	12	8	9	21	12	74	134	138	166	11	18
4	60	33	0	4	0	5	4	10	20	9	176	34	5
4	102	22	0	0	0	5	0	102	3	39	65	0	0
15	91	33	15	7	4	4	15	113	18	143	183	63	4
4	45	36	19	0	6	5	10	124	51	98	268	114	4
12	87	24	3	6	12	5	60	157	84	88	180	32	0
8	50	5	3	0	5	0	6	8	5	60	177	6	0
0	45	50	14	0	0	0	5	93	44	49	206	44	8
0	66	51	0	4	5	9	45	223	24	122	222	40	0
4	75	35	0	0	0	10	11	172	49	60	314	24	26
19	244	70	34	8	0	7	32	127	28	70	218	12	0
0	83	8	4	0	0	10	12	112	19	45	211	61	0
4	52	23	24	15	9	15	0	108	31	37	138	31	0
0	44	19	4	0	0	0	5	101	11	81	198	37	4
4	60	34	7	0	16	31	11	76	0	68	207	55	0
11	59	14	0	0	22	21	7	63	209	146	247	11	7
17	60	38	24	5	7	32	26	79	95	34	276	131	0
4	80	11	4	0	4	18	11	48	38	183	194	34	0
16	59	60	0	0	0	13	11	40	0	109	164	61	0
5	31	0	0	0	8	4	24	0	0	102	214	24	19
0	191	34	12	4	0	9	9	24	0	58	134	30	0
9	89	33	9	0	0	9	0	14	19	82	366	27	6
5	153	51	14	16	6	0	0	69	21	69	205	57	0
0	56	39	28	0	0	0	23	83	46	123	244	20	10
19	16	20	6	0	4	17	13	68	19	110	207	5	0
0	74	3	5	0	0	9	39	98	29	86	283	33	7
10	69	11	9	4	0	12	6	8	16	43	127	24	5
0	23	21	0	0	10	0	45	78	34	50	176	8	0
0	124	22	3	0	0	4	27	151	142	64	181	0	0
0	98	9	0	0	9	0	17	20	43	88	201	42	0
0	20	10	0	5	6	21	13	59	30	9	119	43	6
0	14	24	0	3	0	19	14	33	9	80	176	39	0
13	61	55	0	3	0	15	43	71	38	91	235	73	5
0	40	16	3	0	14	8	5	45	20	33	68	0	0
5	20	23	6	3	0	0	20	69	20	25	125	18	0
0	9	20	15	14	24	0	4	30	0	5	158	14	0
0	19	19	9	0	0	4	4	87	30	79	112	18	5
0	16	0	13	0	0	0	5	38	69	21	119	22	0
0	8	9	0	0	0	0	0	0	21	17	97	87	10
9	89	17	0	0	4	0	9	17	85	73	55	18	4
0	33	4	5	0	0	0	0	6	4	36	53	5	0
0	17	14	0	4	0	0	4	6	12	19	52	12	0
0	0	0	0	0	7	0	0	0	10	33	120	9	0
4	53	0	5	0	4	5	6	96	51	33	181	221	0
0	36	27	18	17	18	9	16	30	25	191	211	44	0
5	0	4	4	0	0	4	16	30	35	38	66	10	0
0	11	0	0	4	0	33	13	42	38	10	177	11	0
4	70	19	14	0	0	9	15	47	201	21	92	23	0
0	23	10	8	7	5	0	10	77	0	63	248	11	11
9	69	16	0	5	8	4	13	33	38	112	114	10	6
7	17	24	0	0	4	10	4	26	10	26	25	35	6
8	101	0	12	0	0	21	12	97	0	32	103	0	3
0	27	5	0	0	0	0	0	60	0	50	50	0	0
0	7	0	0	0	0	0	6	22	5	33	41	22	0
0	0	0	0	0	0	0	0	21	0	0	49	0	0
0	4	0	0	0	0	0	6	6	6	18	33	0	0
6	6	34	0	0	0	0	9	25	14	18	102	0	0
5	11	17	0	0	0	0	0	84	4	52	110	8	0
0	51	4	0	0	0	0	34	28	16	52	119	7	0
0	9	12	0	0	4	0	0	84	9	36	179	29	7
0	42	0	0	0	0	0	9	10	13	117	114	19	0
5	28	5	0	0	0	0	10	35	0	15	26	0	0
0	11	0	6	0	0	0	0	6	0	18	44	21	0
0	13	4	0	0	4	10	57	44	4	7	54	27	5
0	29	0	0	0	4	4	0	18	0	24	106	27	0
0	11	7	4	4	0	0	0	27	8	28	63	7	0
0	22	45	0	6	4	12	0	0	10	7	16	0	0
0	5	11	4	13	4	0	8	8	69	84	84	15	0
0	13	20	0	0	0	22	67	9	8	64	116	0	0
0	10	9	4	4	0	0	3	31	10	20	73	0	0
0	76	10	3	0	9	5	0	10	4	16	40	6	0
0	18	0	0	0	0	0	0	10	13	62	74	19	0
0	31	8	4	0	0	0	0	15	0	29	40	9	0
0	16	4	0	18	6	0	8	30	0	26	36	17	0
0	16	0	0	0	9	0	0	53	7	4	16	0	3
0	9	0	0	0	0	5	18	0	4	0	83	5	0
0	0	4	7	0	0	0	5	23	4	11	6	0	0
0	28	5	0	4	0	0	7	7	11	33	68	37	0
0	52	19	4	0	0	0	0	0	0	17	25	0	0
4	13	15	0	0	0	5	0	11	0	9	27	14	4
15	0	19	0	9	4	5	55	59	12	56	42	18	0
0	18	10	6	0	0	0	0	24	0	7	0	6	0
11	26	16	0	0	6	0	0	21	9	24	19	11	0
0	6	0	0	0	0	0	0	8	55	62	152	0	0
12	4	0	0	4	0	8	47	13	0	6	49	18	0
8	15	23	0	4	0	0	0	7	0	0	15	0	0
0	0	0	0	0	0	0	5	80	8	27	21	0	0
0	29	0	0	0	0	0	0	0	0	0	14	0	0
0	0	0	4	0	0	0	0	65	11	55	14	18	0
0	15	12	0	0	0	0	0	0	0	7	11	0	0
0	0	0	0	0	0	0	0	20	0	26	33	16	0
0	42	14	0	5	0	0	0	6	4	16	25	7	0
0	0	0	0	0	0	0	0	7	0	8	128	69	6
0	27	38	0	0	4	9	0	31	0	11	28	0	0
0	0	10	0	0	0	0	6	6	0	17	20	0	0
0	0	10	23	0	0	0	0	0	4	20	28	0	3
0	6	7	0	0	0	0	0	38	51	24	26	25	0
0	0	0	0	0	0	3	0	22	0	0	34	0	0
0	0	12	0	4	0	0	6	36	0	82	78	0	0
0	0	0	0	0	0	0	4	39	0	8	22	0	0
0	0	4	0	0	0	0	0	41	13	18	47	7	0
0	22	5	0	0	0	0	8	22	39	62	60	0	0
0	27	0	0	13	0	0	0	8	5	19	20	0	0
0	8	0	0	4	0	0	0	45	0	9	10	12	0
0	0	14	0	0	4	0	8	57	140	52	48	0	0
0	0	9	5	0	4	4	15	0	10	6	55	30	0
0	0	0	0	0	0	0	0	0	0	26	19	7	0
0	0	7	0	0	0	0	0	0	5	31	30	0	0
0	4	0	0	0	0	0	0	34	0	14	13	5	0
0	32	0	4	0	0	0	5	0	0	5	4	0	0
0	0	0	0	0	0	0	0	9	0	20	6	0	0
0	0	0	0	0	0	0	0	0	0	11	5	0	0
0	0	0	0	0	0	0	0	0	0	0	17	0	0
0	0	0	0	0	0	0	9	0	0	0	0	0	0
0	0	0	0	0	0	4	0	0	0	43	168	12	0
8	56	119	10	12	4	13	41	143	115	69	422	66	0
42	71	108	25	10	0	34	142	27	112	139	305	56	10
5	72	22	9	17	16	23	4	128	68	99	290	8	7
6	88	75	32	16	3	14	17	38	123	131	179	9	4
0	103	53	15	13	13	18	35	150	18	76	341	55	19
4	99	57	16	9	0	12	157	135	87	89	335	80	0
3	131	103	7	3	5	14	18	189	111	110	230	53	48
24	92	66	22	14	22	52	40	115	144	118	395	38	11
18	305	131	6	20	11	10	22	175	89	131	473	38	11
20	69	27	0	0	3	23	21	162	88	238	324	51	3
3	144	39	7	7	5	0	5	105	43	137	285	106	15
0	91	27	8	3	15	33	102	39	8	116	288	86	9
18	59	21	12	8	35	23	23	129	0	57	250	81	0
4	94	31	12	4	0	0	25	91	123	130	334	70	4
4	93	64	3	0	0	4	17	111	60	139	291	64	11
0	62	27	4	0	5	9	58	168	30	152	379	110	6
10	77	19	7	0	11	3	25	141	41	106	349	57	4
11	101	58	12	0	8	16	47	130	33	46	268	42	0
0	14	25	15	6	18	9	20	121	57	129	272	53	4
5	104	86	15	10	0	17	11	170	38	77	365	36	4
8	90	31	30	9	10	5	39	136	47	78	337	165	10
0	50	39	9	0	23	28	50	102	172	150	261	50	0
38	132	45	45	4	6	15	53	142	88	108	335	44	13
11	37	58	32	13	7	9	42	120	65	90	397	23	0
0	34	66	9	7	0	6	13	90	82	187	350	86	24
13	31	49	11	18	0	16	45	103	307	259	417	56	7
10	120	31	23	12	32	18	60	224	21	179	456	120	16
5	121	56	0	13	0	46	89	180	286	139	425	67	11
4	121	94	15	8	4	24	42	155	69	101	262	123	5
0	81	48	14	20	0	36	103	132	203	193	585	61	12
31	100	82	15	0	4	10	53	117	121	106	456	16	19
5	111	78	27	19	0	0	60	194	220	149	550	49	4
9	96	39	22	4	12	6	37	178	64	60	450	38	13
13	88	21	24	0	0	21	10	86	56	157	433	30	5
5	94	33	11	10	10	25	62	185	84	149	218	40	4
4	50	100	10	22	16	38	80	325	107	92	329	115	6
7	43	11	13	0	10	29	35	76	66	141	294	26	4
10	105	18	3	0	0	0	11	64	26	75	220	17	5
14	87	40	0	0	0	3	22	83	65	154	246	38	4
4	68	42	9	0	25	18	12	137	102	129	409	38	15
4	44	18	3	0	4	34	20	119	213	178	213	31	4
4	44	54	12	5	13	17	46	102	51	95	234	70	7
0	100	19	0	5	6	32	10	49	19	38	156	39	0
4	82	78	3	6	0	0	8	81	73	116	248	44	23
4	37	33	0	4	10	22	74	84	27	83	185	41	6
5	83	41	4	3	6	9	51	62	80	110	296	121	12
13	140	58	13	7	6	25	22	176	31	98	253	17	0
11	169	45	13	10	4	0	5	195	189	168	267	25	9
8	60	52	4	6	0	42	57	205	99	100	322	6	9
22	75	43	8	4	5	4	43	110	39	90	312	29	7
27	42	23	0	4	0	25	12	174	42	79	405	16	6
4	165	44	7	28	5	53	29	194	57	120	296	31	8
6	61	28	12	0	4	4	32	204	80	159	350	42	8
0	184	29	20	15	11	7	39	147	91	144	326	37	5
10	97	32	3	5	0	0	3	111	94	231	225	85	3
10	43	44	3	4	5	0	28	14	83	93	284	39	0
4	153	36	0	0	5	4	0	60	23	84	234	30	4
0	66	22	13	0	0	0	9	49	5	62	259	45	0
0	83	30	0	0	0	3	9	28	13	61	104	5	0
0	78	11	0	8	0	4	0	55	11	33	132	20	0
0	57	25	11	0	20	4	5	28	176	95	312	49	3
0	97	13	5	12	0	0	4	72	71	107	272	6	0
0	25	21	0	0	0	34	22	29	11	144	171	16	9
7	74	86	20	14	3	8	45	144	31	80	352	42	3
6	29	30	5	0	0	6	10	69	4	87	214	36	0
0	17	0	3	0	0	9	8	36	5	30	217	37	5
11	95	18	15	3	0	0	5	43	10	117	203	0	0
4	54	4	6	0	0	11	6	111	33	208	300	7	0
4	120	45	22	4	22	14	24	99	7	40	199	13	0
0	11	4	5	0	8	4	0	103	7	89	170	33	8
4	132	22	4	0	4	0	26	67	38	152	274	17	0
0	37	57	13	5	19	47	5	100	29	141	203	71	7
3	49	27	0	0	0	29	45	63	44	80	322	51	5
0	139	67	0	0	8	9	14	47	9	74	98	11	5
0	23	36	4	0	0	15	9	7	60	103	192	13	4
0	117	45	8	5	0	5	14	60	20	77	142	23	0
0	49	15	0	3	0	0	0	31	22	93	277	14	0
0	59	11	14	8	3	5	0	62	67	100	217	22	7
0	14	22	22	7	0	8	51	167	74	149	237	28	0
4	165	60	11	21	3	12	11	60	134	200	299	40	0
0	56	39	8	4	0	13	17	178	9	89	219	96	0
10	38	31	0	5	0	9	10	104	23	149	150	26	9
0	33	28	13	0	0	4	67	81	9	74	291	49	0
15	56	32	0	5	0	11	4	100	0	72	100	28	31
7	32	17	0	0	0	0	0	66	101	75	214	32	15
0	166	92	9	0	0	9	26	50	8	69	237	39	4
5	129	11	4	0	5	25	48	57	30	141	180	7	9
0	25	49	3	6	7	11	23	54	0	41	203	9	4
0	37	20	3	0	5	56	0	77	113	129	400	74	0
0	87	15	0	10	5	25	22	74	49	44	207	31	17
7	6	30	15	0	10	0	27	122	16	54	248	8	25
9	76	69	5	4	4	22	8	52	81	57	83	14	14
0	42	16	5	0	0	14	21	68	30	63	332	37	0
0	33	26	4	13	10	8	11	34	30	92	97	24	4
0	28	13	0	10	8	16	15	7	3	130	142	32	0
5	35	21	0	0	16	18	29	43	91	136	227	14	0
0	78	14	20	8	5	4	0	0	4	28	112	34	0
6	40	24	7	0	0	14	4	30	23	46	78	19	0
0	96	109	28	0	0	0	4	60	46	85	74	0	0
3	48	32	5	0	4	40	15	41	14	60	140	16	5
0	72	17	0	0	0	17	27	66	75	69	94	6	5
0	10	4	0	0	0	0	8	49	7	134	129	36	0
0	22	47	0	0	4	9	23	0	35	19	139	14	0
0	12	18	0	0	0	9	0	31	16	22	114	11	5
9	31	25	0	0	0	0	0	16	23	44	98	0	0
0	6	11	10	0	0	0	3	0	21	28	93	17	6
0	51	19	13	5	0	21	17	33	16	81	92	14	12
11	85	33	19	4	0	0	5	202	25	68	332	20	0
0	65	19	0	0	6	6	7	74	0	0	45	6	0
0	12	20	0	8	0	0	15	24	36	9	86	20	0
7	71	9	0	0	4	4	35	7	14	24	65	9	0
5	56	25	3	0	0	6	8	44	46	56	175	14	10
0	33	34	0	0	4	0	0	66	25	19	83	16	0
0	26	42	4	6	0	0	8	54	0	63	124	22	13
0	69	27	0	12	8	4	30	30	3	42	149	0	0
0	12	0	4	0	0	0	0	30	5	5	73	8	0
0	7	0	0	0	0	0	0	7	25	34	69	0	0
0	0	0	0	0	0	0	0	10	0	0	32	26	0
0	0	15	0	0	0	0	9	10	18	22	44	5	0
9	14	14	0	0	0	4	0	32	11	24	165	36	0
0	27	0	0	0	4	19	0	7	0	45	76	13	0
0	38	12	8	0	10	0	15	0	67	22	63	0	0
4	74	11	0	0	0	0	4	46	115	50	159	23	0
0	35	26	0	0	0	6	10	43	9	37	69	13	0
0	23	8	0	0	6	0	7	40	12	23	65	16	0
0	13	5	0	0	0	0	4	6	0	48	68	0	0
0	24	0	0	5	24	11	5	7	8	81	107	0	0
0	5	9	0	0	0	0	0	20	10	45	141	29	0
0	11	20	0	0	0	0	0	45	6	29	38	0	0
5	60	13	0	0	0	0	0	49	0	7	91	0	0
0	0	37	0	0	0	0	23	41	28	23	35	0	0
0	30	0	0	5	29	9	5	30	11	30	91	0	0
0	47	0	0	0	0	0	0	0	0	13	17	0	10
0	28	0	3	0	0	0	0	14	18	39	103	0	0
0	0	7	0	0	0	0	0	0	16	38	39	22	0
0	48	10	5	0	0	0	4	20	14	16	69	0	5
0	0	27	5	0	0	4	0	18	0	22	43	0	0
0	0	0	11	0	0	23	0	0	8	4	30	0	0
0	9	5	4	0	0	0	0	6	17	16	21	0	0
0	41	0	0	0	0	9	0	0	0	20	80	14	5
0	14	19	4	0	0	0	0	35	15	13	48	0	0
0	41	0	0	0	0	0	4	10	4	12	11	0	0
0	0	5	0	4	0	0	0	44	13	28	42	18	0
5	0	43	6	0	17	0	10	45	51	47	64	0	0
0	20	0	0	0	0	0	0	12	0	9	68	6	0
0	11	16	4	0	0	0	0	22	22	48	39	0	0
0	5	0	0	0	0	6	6	23	16	4	63	0	0
0	11	27	0	0	12	0	15	25	46	50	51	5	11
9	0	17	0	0	0	4	4	0	0	0	28	0	0
0	0	0	0	0	4	4	4	7	0	0	8	52	0
0	5	10	0	0	0	0	0	0	6	0	35	18	0
0	30	6	0	0	0	0	21	14	0	34	60	0	6
0	0	0	0	0	0	0	0	16	9	6	34	0	4
0	11	0	0	0	0	0	0	9	11	90	41	14	0
0	16	10	0	7	0	0	0	0	0	34	18	6	0
0	0	4	0	0	0	0	0	23	85	52	58	19	12
20	0	0	3	0	0	0	0	6	0	0	23	0	0
8	7	0	0	0	0	0	0	0	0	0	33	22	0
0	110	23	0	0	0	0	8	38	0	25	85	0	0
0	6	9	0	0	0	0	7	74	25	40	63	6	0
0	0	6	7	0	0	11	0	7	0	6	8	40	0
6	4	9	4	0	0	0	0	19	7	36	81	0	0
0	11	28	0	0	0	0	0	15	13	17	15	12	0
0	13	0	0	0	0	0	0	23	0	0	0	0	0
3	43	0	0	0	0	5	4	11	0	0	56	0	7
0	6	29	0	0	0	0	0	37	18	13	34	0	0
0	5	27	0	0	0	5	0	70	0	9	47	0	0
4	0	17	6	0	4	8	32	152	0	21	33	0	0
0	12	10	4	3	9	0	0	20	35	6	43	36	0
0	0	0	0	0	0	8	6	18	0	26	20	0	0
0	0	0	0	0	0	0	0	0	0	0	0	0	0
0	0	10	0	0	0	0	6	0	0	0	65	5	0
0	35	0	0	0	0	7	0	8	0	0	0	0	0
0	0	0	0	0	0	0	5	0	0	7	6	12	0
0	0	0	0	0	0	0	0	10	0	16	43	0	0
0	0	7	0	0	0	0	0	0	0	0	5	5	0
0	0	5	10	0	0	6	0	0	0	0	0	0	0
0	0	24	0	0	0	0	0	7	37	89	238	20	0
23	95	66	8	5	5	12	60	78	163	125	293	71	0
20	92	50	0	21	19	13	61	196	97	86	384	68	15
0	90	65	17	7	0	15	78	104	127	76	340	30	0
19	179	92	11	4	4	9	91	99	54	50	267	16	5
9	156	62	29	16	0	8	28	112	32	47	189	16	4
18	85	30	0	4	15	8	225	65	28	158	299	90	0
11	89	36	11	4	3	76	52	152	56	171	346	126	12
28	192	106	22	18	20	14	60	154	113	109	313	50	21
37	119	152	12	5	20	9	5	217	217	103	277	29	0
19	101	25	7	9	4	10	4	140	119	105	354	48	0
4	77	58	4	0	0	11	19	125	51	186	286	0	8
5	72	21	22	15	24	17	41	174	84	213	386	60	5
0	40	40	36	12	0	11	17	57	105	132	246	0	16
0	67	32	3	0	9	20	36	241	113	189	238	42	8
10	58	47	0	3	0	0	0	86	25	102	230	25	4
0	50	18	8	8	12	5	19	149	110	224	386	77	0
4	74	38	14	0	0	0	22	161	47	204	308	55	12
3	111	15	7	0	17	22	39	84	7	82	320	34	0
0	62	37	19	0	5	8	42	120	82	60	276	29	16
11	236	88	0	10	3	18	8	39	39	116	321	21	0
11	113	58	7	4	17	9	38	74	31	179	408	27	12
9	132	50	17	15	12	23	85	90	62	171	327	53	4
9	188	96	0	7	14	9	33	173	107	163	378	35	9
9	140	34	11	3	19	28	23	139	49	89	200	27	11
15	99	18	0	0	4	5	43	147	89	164	509	75	0
8	116	68	5	6	8	0	58	234	74	119	228	25	5
0	178	47	58	14	22	35	56	74	116	214	493	83	10
9	96	102	5	16	22	28	40	146	165	237	376	37	0
33	148	66	7	8	16	9	89	136	52	142	343	121	19
4	99	86	4	18	27	28	49	99	131	103	346	102	0
0	110	40	13	8	5	26	74	135	91	133	602	47	7
14	116	138	0	0	7	20	149	139	102	192	284	24	10
4	139	76	24	3	14	4	79	187	102	156	403	26	3
3	141	8	7	14	0	10	22	82	132	89	271	59	14
3	74	52	12	11	13	32	73	73	37	77	180	14	0
21	103	52	27	9	16	27	48	177	56	132	296	54	7
0	62	16	7	8	7	0	11	88	99	139	319	74	0
0	26	46	3	0	4	0	45	114	34	114	247	40	10
0	48	18	4	0	0	0	9	122	20	146	151	37	21
6	67	50	23	4	0	10	42	81	91	160	259	43	15
5	90	31	10	9	4	23	93	179	61	27	277	151	4
0	78	52	19	3	16	22	18	125	15	142	260	55	5
4	55	33	5	15	6	0	20	30	47	46	191	6	0
11	115	48	4	0	7	0	5	86	27	68	258	13	5
4	54	38	14	15	8	20	6	120	37	74	231	31	4
11	62	46	7	0	14	21	20	100	24	174	343	58	4
5	109	74	11	15	0	13	28	122	61	106	439	5	3
0	80	29	0	0	4	26	35	70	48	81	432	52	6
16	68	41	4	16	15	26	19	103	66	123	363	110	0
10	70	55	13	0	9	0	16	94	127	87	229	94	6
4	66	38	0	7	5	5	11	89	19	81	342	75	9
11	104	90	8	12	3	0	17	145	43	106	442	48	6
0	120	31	13	0	4	11	31	221	72	60	441	96	4
0	106	89	5	5	3	3	77	132	30	119	343	38	0
4	33	53	5	3	0	5	42	200	107	156	357	65	0
10	52	29	6	5	12	3	29	79	55	109	269	31	4
0	24	16	14	0	0	0	17	53	24	109	292	61	7
7	57	24	3	0	0	6	12	52	106	123	229	6	0
0	31	4	0	4	0	5	10	79	10	33	87	21	20
0	6	55	0	0	0	0	0	27	15	74	77	72	0
0	50	9	18	0	0	6	34	89	77	68	373	7	0
0	46	54	0	0	0	5	0	58	169	67	315	28	8
5	62	28	0	14	8	12	37	111	18	29	193	50	17
15	87	58	3	7	14	16	12	41	76	203	231	49	3
8	26	6	0	5	0	12	18	127	29	114	200	35	0
0	51	32	0	0	4	4	20	35	23	100	223	52	5
0	61	28	6	0	0	3	4	58	31	116	237	45	24
0	77	27	4	0	0	8	12	130	39	83	318	51	4
12	98	33	21	4	4	13	36	78	0	42	166	25	0
0	25	19	6	0	0	0	5	39	9	79	203	18	0
0	32	10	8	0	12	19	33	50	71	175	160	76	5
4	66	55	21	13	0	4	14	190	20	131	298	37	0
0	26	39	0	14	15	4	22	52	122	75	345	27	18
5	35	36	13	0	7	13	6	106	32	27	126	18	3
0	25	31	5	12	0	8	28	100	48	108	213	21	0
16	86	37	0	3	0	3	15	54	46	39	163	20	5
0	8	14	0	0	0	0	12	69	95	76	254	22	0
0	154	57	6	0	0	12	17	97	36	101	175	0	3
4	90	56	4	3	17	21	20	63	12	88	240	13	6
12	111	67	4	0	0	0	32	170	57	160	244	6	0
3	52	45	4	9	0	10	0	18	97	216	228	83	4
0	20	33	3	4	4	0	15	86	0	95	180	64	13
5	48	17	0	8	18	4	9	138	96	116	229	11	0
5	45	23	9	0	5	13	0	59	23	87	203	25	0
0	53	17	0	0	0	19	17	58	29	160	327	31	8
39	25	0	0	3	3	4	19	52	20	68	149	34	9
0	48	0	4	8	14	8	19	53	22	112	228	12	0
4	55	48	0	6	8	0	16	28	30	37	211	31	5
5	30	25	16	10	0	10	18	60	108	102	264	47	0
0	61	29	14	14	8	0	7	41	48	18	273	26	0
5	42	21	15	0	6	18	4	26	44	95	309	95	4
4	50	23	9	4	0	0	15	56	17	51	147	8	0
0	63	14	0	4	4	14	10	23	18	109	136	0	0
10	82	47	11	0	9	4	5	38	78	67	153	103	9
3	65	24	4	0	4	4	38	45	35	107	219	29	4
5	6	43	13	0	4	18	31	223	138	116	186	27	0
0	77	31	0	0	0	0	0	33	25	87	160	0	4
0	35	26	8	10	0	7	44	92	19	11	57	40	22
21	114	31	0	0	0	4	9	65	14	29	140	17	0
0	53	9	6	7	0	4	0	30	15	58	110	5	5
0	33	0	0	4	3	5	37	70	49	28	79	0	0
0	5	5	0	0	0	0	5	245	79	53	138	517	0
0	40	0	5	3	4	10	23	16	41	56	76	0	0
0	18	10	0	4	0	0	0	23	11	47	86	19	0
8	16	4	0	0	0	0	3	0	0	35	24	0	0
8	45	4	0	0	0	0	4	27	3	31	132	30	13
6	65	27	6	4	4	0	21	16	17	66	224	15	9
13	88	43	4	0	4	36	30	68	49	79	134	23	10
3	7	23	6	4	6	0	4	0	11	0	54	0	5
0	15	44	9	0	0	4	35	7	9	29	109	33	0
0	31	13	14	0	16	6	21	20	8	34	84	29	0
13	40	3	4	5	0	0	29	44	21	52	187	5	14
14	165	8	0	0	0	0	0	9	16	21	89	0	14
4	43	25	4	0	0	29	0	57	30	41	186	5	18
0	8	62	9	0	23	6	0	38	86	25	60	50	0
0	19	0	0	0	0	0	16	23	12	48	25	6	0
0	0	0	0	4	0	0	0	8	0	8	22	5	0
0	0	0	0	0	0	0	0	10	0	4	22	0	0
8	0	7	0	0	0	6	0	0	24	5	46	0	0
0	12	10	0	0	0	0	0	20	17	33	97	7	0
0	15	0	0	0	0	4	5	17	0	50	103	0	0
0	30	13	11	0	0	5	9	0	0	9	78	8	4
0	31	0	0	0	0	0	24	22	57	47	95	47	3
0	4	4	4	0	0	13	4	60	16	27	70	0	0
0	0	4	5	0	0	0	0	11	0	35	62	0	0
0	0	4	0	0	0	0	7	24	29	14	106	43	0
0	33	26	19	0	0	0	0	38	0	55	69	16	0
0	33	6	0	0	0	14	9	9	0	17	111	11	0
4	42	0	4	0	0	0	0	12	0	8	96	8	0
0	13	24	0	0	0	0	3	0	0	8	81	0	0
13	43	0	5	0	5	0	7	67	9	9	86	5	0
0	33	29	34	7	0	0	5	0	18	4	60	0	0
0	20	8	0	0	0	0	0	8	0	10	104	0	0
0	22	10	0	0	0	0	0	8	15	19	62	23	3
0	3	0	0	0	0	0	5	31	0	28	21	0	0
0	23	0	0	0	0	0	0	7	3	9	27	0	0
13	31	0	0	0	0	11	0	34	34	4	24	0	0
0	90	4	0	4	0	0	4	0	9	0	26	0	0
3	7	21	0	0	0	0	0	0	20	5	33	0	5
0	0	6	0	0	0	6	0	0	6	50	79	0	0
5	10	0	0	0	0	8	0	34	3	15	27	0	0
0	8	0	0	0	0	0	0	0	0	30	32	29	0
0	4	6	0	0	0	0	16	37	0	17	4	0	4
4	16	8	18	0	0	8	0	19	57	49	89	41	3
0	9	0	0	0	0	0	0	15	0	0	101	0	0
0	23	7	0	0	0	4	0	89	0	8	45	0	0
0	5	9	0	6	0	8	17	0	29	9	35	6	0
9	33	23	0	0	0	0	0	73	56	12	41	12	0
5	7	0	0	0	0	0	0	0	4	0	0	7	0
0	0	0	0	0	0	0	0	0	6	18	23	23	0
0	0	0	0	0	0	0	0	7	0	26	34	0	0
0	11	5	0	0	0	9	19	9	0	0	11	7	0
0	0	5	0	0	0	0	0	21	9	40	43	0	0
0	0	0	0	0	0	0	0	46	10	37	51	0	0
5	0	10	0	0	0	0	0	0	6	48	57	13	0
0	0	0	0	0	0	0	14	52	19	23	68	51	0
0	26	19	0	0	0	0	4	0	0	9	6	6	0
0	0	11	4	0	0	0	0	0	9	33	32	0	3
0	20	4	0	0	0	10	0	0	12	33	35	0	0
0	0	0	0	0	0	4	0	34	18	14	18	0	0
0	37	7	0	5	0	8	0	47	0	30	54	0	0
0	14	4	0	0	0	6	6	19	9	6	36	0	0
15	8	5	0	0	0	0	0	0	0	4	6	0	0
0	0	0	0	0	0	0	0	17	0	24	59	47	0
0	0	9	0	0	0	9	30	6	73	9	49	5	0
0	9	0	0	0	0	0	7	0	4	24	13	19	0
0	0	5	0	0	0	0	0	30	0	4	12	24	0
0	13	19	0	0	18	43	0	24	0	0	34	0	0
0	54	14	9	0	0	6	23	12	4	14	23	0	4
0	0	4	0	0	0	0	0	11	0	0	21	23	4
0	0	0	0	0	0	0	4	7	0	0	0	0	0
0	0	0	0	0	4	0	0	8	6	0	32	0	0
0	7	0	0	0	0	0	4	79	0	0	6	0	0
0	0	0	0	0	0	0	0	0	0	23	4	0	0
0	3	0	0	0	0	0	16	0	0	0	10	0	0
3	0	0	0	0	0	0	6	22	10	15	32	5	0
0	12	4	9	4	0	0	0	0	0	0	0	0	6
0	0	9	0	0	0	0	18	104	102	104	304	63	0
11	151	85	19	11	13	42	63	62	65	140	453	14	6
20	105	76	36	7	23	28	35	163	88	115	453	83	0
15	111	78	5	9	23	24	26	20	149	103	309	23	0
22	119	24	20	0	20	26	0	43	35	77	247	41	15
12	139	76	0	0	8	19	51	100	101	67	358	28	4
17	123	47	17	0	4	22	54	274	24	230	167	103	3
4	79	45	8	33	10	3	28	159	191	237	498	81	13
21	144	110	21	0	25	42	63	177	78	136	433	101	7
40	121	35	15	6	0	8	56	114	56	75	299	76	0
4	88	40	0	9	0	23	19	80	37	133	392	30	0
16	86	5	0	0	4	6	8	200	104	99	353	61	0
0	151	89	28	3	0	3	27	185	65	108	343	25	0
11	190	68	8	0	5	5	8	121	51	86	204	34	0
10	89	37	12	8	10	8	10	138	131	113	293	49	0
4	57	26	5	0	0	0	24	200	166	80	279	69	10
6	72	77	9	0	5	19	56	194	57	123	267	64	11
0	131	32	0	6	5	5	57	175	42	92	317	31	6
5	76	52	22	0	18	17	45	56	19	45	174	25	5
9	122	38	8	0	14	21	22	114	5	123	427	64	0
27	89	30	4	8	0	5	36	49	187	187	317	37	7
10	76	19	18	8	4	11	20	225	115	102	340	9	29
4	126	82	21	7	9	30	17	164	26	126	414	39	24
13	104	65	15	5	16	22	17	119	133	146	387	28	3
0	140	47	18	6	0	10	10	56	27	148	378	218	0
0	70	52	0	4	14	39	94	265	231	129	197	42	7
19	56	39	8	0	12	4	46	145	60	95	331	25	16
4	210	38	22	9	9	28	20	243	226	375	626	40	0
21	149	108	23	18	7	25	52	170	108	100	198	52	7
21	190	69	11	0	40	29	27	224	184	188	387	95	5
17	62	71	49	25	8	22	44	139	77	69	365	73	0
7	179	28	12	8	16	8	22	137	72	187	502	98	18
24	66	28	9	7	28	17	101	91	31	142	407	120	21
10	142	39	15	0	18	25	33	176	27	120	278	53	0
0	45	45	0	0	4	11	19	133	67	122	313	42	6
4	83	40	18	25	7	5	25	75	16	47	260	86	0
20	143	64	30	10	9	20	38	319	44	48	230	34	0
0	99	50	14	0	0	7	24	117	51	63	295	66	0
4	29	6	4	0	13	6	17	87	19	95	283	66	0
6	56	36	0	0	0	18	9	150	54	138	338	42	0
5	167	47	10	11	7	8	23	116	83	174	378	62	0
0	94	62	10	5	24	28	30	80	102	161	309	55	15
6	151	70	13	12	0	13	51	82	66	125	306	17	0
0	22	106	11	0	4	9	21	72	21	145	130	15	5
9	71	10	11	3	5	4	0	64	45	115	243	35	4
3	79	47	25	16	0	7	82	123	17	94	252	88	5
9	89	54	16	0	4	15	19	272	147	135	417	33	5
4	83	83	7	3	9	4	55	69	16	132	364	66	16
0	39	0	10	0	8	6	15	60	102	163	313	15	4
4	81	108	25	17	0	12	72	52	108	195	398	75	5
0	55	38	18	5	0	15	44	120	12	90	254	40	0
3	16	58	5	5	6	9	13	130	41	86	292	13	0
13	68	89	0	9	4	4	15	128	66	138	391	16	9
0	134	47	4	0	11	27	67	111	126	139	284	32	3
8	130	50	10	0	15	20	20	121	76	83	380	11	0
5	46	9	0	0	9	22	33	132	59	183	258	19	0
0	47	27	4	4	3	8	6	49	69	138	267	60	13
0	90	23	0	0	4	4	24	98	42	87	178	80	10
0	22	42	0	4	0	20	4	207	82	108	139	28	3
0	14	10	0	0	0	8	4	22	6	62	231	39	4
11	10	9	0	0	0	0	4	47	6	52	94	29	8
0	151	22	3	4	8	0	31	66	43	57	171	0	0
17	0	15	0	0	0	0	19	6	28	81	149	58	0
0	57	49	11	0	0	12	36	55	8	109	187	16	0
22	35	34	17	0	0	6	18	134	41	81	96	25	8
0	21	21	4	0	8	3	20	85	39	59	263	23	5
4	14	24	4	0	5	3	71	104	53	111	253	91	12
0	27	5	0	0	0	0	52	75	58	132	266	11	21
4	47	24	5	0	0	6	8	44	33	103	154	26	0
5	127	50	4	0	4	5	7	43	15	46	66	52	5
0	37	9	0	0	0	4	18	59	27	95	236	10	0
0	51	27	13	8	5	31	19	62	35	177	219	71	0
5	123	103	0	0	0	22	9	269	166	37	200	43	0
0	71	87	17	0	0	11	79	85	53	102	416	88	4
4	81	38	11	0	0	11	0	76	20	29	127	41	6
9	56	59	0	0	5	28	0	48	49	105	191	23	0
5	0	15	0	0	4	8	9	27	8	61	260	37	0
0	14	14	0	0	0	9	0	89	30	50	162	17	0
7	55	16	0	9	4	5	24	70	14	22	188	75	0
12	60	33	23	4	9	19	26	89	14	85	249	26	4
17	91	20	0	0	7	22	18	112	59	25	185	32	16
13	75	38	12	6	0	0	27	137	49	172	222	43	5
6	58	33	0	0	0	0	18	75	0	111	217	28	10
0	16	17	21	0	4	0	15	135	104	28	157	21	0
5	35	25	0	7	0	23	5	81	129	60	183	0	0
0	0	5	0	3	0	12	8	96	172	72	383	35	7
0	16	33	8	0	4	4	3	64	21	126	306	0	0
4	76	41	26	13	7	0	18	41	86	83	149	18	5
9	84	26	4	3	6	4	27	71	17	113	169	40	0
4	60	97	0	0	0	12	43	116	36	133	188	32	4
8	43	51	11	0	5	5	0	44	42	39	128	55	0
0	60	6	5	0	0	0	12	78	90	114	249	47	0
5	53	61	0	0	0	6	63	23	43	9	225	43	4
0	22	24	3	11	0	6	9	66	33	31	211	85	0
13	41	22	5	0	0	27	32	54	0	157	152	34	4
12	43	32	9	3	0	0	6	64	0	119	341	7	5
9	81	39	17	4	6	8	46	100	20	82	201	9	0
5	30	16	4	0	0	0	6	104	20	26	51	0	6
0	67	25	4	5	11	4	19	0	20	139	177	113	4
0	0	4	0	0	5	0	5	37	24	19	156	5	0
0	36	71	4	0	0	5	4	17	68	8	115	43	11
0	19	47	12	0	13	4	10	53	56	4	49	35	4
0	0	0	0	0	0	0	34	33	16	122	245	31	12
0	48	19	3	7	9	0	23	9	13	6	47	14	5
0	22	18	0	0	0	0	10	9	16	28	83	41	7
0	7	0	0	0	0	0	11	32	6	27	92	13	0
0	0	11	0	0	0	6	9	20	10	62	148	43	19
5	27	44	5	0	5	4	17	31	21	109	325	50	0
0	110	14	0	25	0	9	27	42	9	60	210	5	8
0	60	8	5	0	0	0	0	16	6	57	91	8	0
12	31	15	0	0	4	0	0	25	24	108	134	15	5
0	39	11	11	0	5	0	5	53	20	37	73	17	0
0	32	29	0	4	0	5	16	41	57	28	145	17	0
0	69	0	0	0	0	4	3	39	4	36	173	34	5
8	36	6	0	12	0	0	0	61	36	25	164	33	9
13	26	23	32	0	0	5	36	7	5	10	22	8	0
0	10	0	0	0	7	0	0	6	0	10	28	6	0
0	4	18	0	0	0	0	0	10	0	0	33	6	0
0	4	0	0	0	0	0	0	28	6	42	46	9	0
0	20	17	8	0	0	0	0	16	0	0	34	7	0
0	19	19	0	0	0	0	0	102	17	28	126	6	0
0	5	25	4	0	0	3	5	8	124	15	112	0	0
0	59	9	0	0	0	0	0	0	7	40	124	25	0
0	23	10	0	0	0	3	7	63	42	95	257	49	10
0	29	37	0	11	0	4	17	26	4	47	28	27	0
0	41	0	0	0	0	0	0	25	0	22	4	0	0
0	0	5	0	0	0	0	0	16	0	27	81	0	0
5	105	22	0	0	0	0	0	15	28	6	11	0	0
0	4	0	0	3	4	4	0	7	5	29	67	15	6
0	3	4	0	0	0	0	4	32	0	36	152	30	0
0	0	4	0	0	0	6	0	15	0	10	35	7	0
0	22	0	9	0	7	4	20	12	0	30	55	0	0
16	120	16	4	3	0	11	12	0	11	0	60	6	0
0	6	0	4	0	0	4	0	8	38	31	76	18	4
4	0	0	0	0	0	0	9	25	9	36	113	62	0
0	0	0	0	0	0	0	0	26	6	8	19	7	15
0	9	4	0	0	0	0	0	0	21	28	10	15	9
0	18	7	0	5	0	0	6	0	0	4	20	6	0
0	0	33	0	0	0	0	0	18	0	10	20	25	0
5	22	4	0	0	0	0	4	0	12	20	38	0	0
0	33	9	0	5	0	0	43	27	69	40	49	8	4
0	11	4	0	0	0	10	0	7	9	29	32	0	0
0	12	0	0	0	0	0	4	7	4	35	11	0	0
0	6	0	0	0	9	0	4	8	0	14	67	14	0
0	106	0	0	4	0	0	0	0	8	68	97	31	0
0	0	5	0	0	0	0	0	6	27	4	58	46	0
0	0	0	0	0	0	8	0	9	0	18	6	0	0
0	7	7	0	3	8	0	7	39	0	19	13	33	0
0	111	5	0	0	0	4	6	24	18	12	29	25	0
0	8	14	0	0	0	0	0	0	0	0	0	0	0
0	7	8	0	0	0	0	4	13	0	11	5	0	0
0	0	0	0	0	0	0	5	19	0	0	31	6	0
0	0	4	0	0	0	0	17	0	0	18	7	0	0
0	11	0	0	0	0	0	0	0	9	8	17	0	4
0	8	0	0	0	0	0	0	34	3	9	24	0	0
0	0	5	0	0	0	0	0	6	0	38	33	10	0
0	0	0	0	0	0	0	5	37	5	34	39	0	0
0	0	0	0	0	0	0	0	7	0	46	36	0	0
0	5	0	0	0	0	0	0	55	0	11	49	0	0
0	0	0	0	7	0	0	0	7	16	10	31	0	0
0	18	0	6	3	0	0	3	15	13	9	42	9	0
0	29	19	0	0	0	0	0	24	0	7	38	5	0
0	6	3	0	0	0	0	0	0	0	0	47	6	0
0	0	0	0	0	0	0	0	7	0	19	11	0	0
0	0	0	0	0	0	0	0	9	0	58	111	0	0
0	47	29	0	0	17	0	9	22	45	9	39	19	0
0	0	0	0	0	0	0	0	23	4	8	32	0	4
0	0	15	0	0	0	0	0	0	8	30	47	8	0
0	39	11	15	14	0	0	0	10	19	35	61	0	4
0	46	6	0	5	0	0	0	10	33	6	41	33	0
0	5	18	7	0	0	0	0	25	0	24	33	19	0
0	0	5	0	0	0	0	0	0	0	0	42	5	0
0	0	0	4	0	0	0	0	9	0	0	51	11	7
0	8	16	0	0	0	0	0	8	0	0	0	0	0
0	0	0	0	0	0	0	0	20	3	7	6	0	0
0	0	0	0	4	4	0	0	0	0	0	66	0	0
0	11	0	0	0	4	0	4	20	0	6	19	6	0
0	29	14	0	0	0	0	0	0	0	0	0	0	0
0	5	0	0	0	6	59	52	62	108	229	351	37	8
4	110	34	19	26	11	37	57	77	67	52	438	46	9
10	210	53	29	11	3	9	48	49	119	185	308	67	3
12	20	37	27	12	0	11	10	105	155	100	378	95	9
0	35	34	37	10	0	6	10	87	229	119	384	15	4
6	131	43	0	13	9	13	42	78	26	70	224	110	9
5	184	41	22	3	7	27	27	232	5	202	352	71	8
0	43	141	4	0	12	13	26	219	152	143	497	71	4
24	163	38	25	13	14	15	54	111	125	193	179	65	8
8	93	49	0	0	12	14	57	112	172	93	261	42	4
14	70	48	4	8	4	28	70	150	41	84	223	70	0
0	78	45	14	0	0	12	0	107	119	168	279	35	17
7	223	43	4	0	4	20	20	205	98	113	443	70	20
12	116	28	5	8	0	6	6	69	27	32	254	84	3
5	75	45	16	6	3	4	17	24	35	91	316	38	5
4	67	22	0	0	3	14	33	87	48	56	257	5	0
5	114	25	10	0	12	14	33	150	74	110	330	45	14
0	102	47	4	0	7	32	34	185	79	76	257	44	16
0	241	94	18	9	8	45	18	83	13	102	269	155	5
0	88	21	18	4	5	17	8	99	161	210	467	52	0
7	56	64	4	0	13	0	11	130	63	112	427	34	0
0	45	51	10	5	0	15	25	115	75	57	429	117	10
21	140	56	16	13	9	17	21	188	17	89	364	78	5
8	153	47	16	4	0	26	49	118	52	136	444	21	19
0	82	63	0	0	0	22	10	171	21	246	238	14	4
4	43	38	15	10	20	16	70	209	30	119	397	40	0
5	126	8	30	0	11	17	24	60	33	123	400	64	8
8	131	60	18	7	0	40	38	296	45	111	339	28	17
22	122	91	13	13	12	21	21	102	61	133	413	74	7
4	150	59	25	7	9	28	38	80	91	127	271	83	0
16	167	93	19	15	7	24	51	152	66	59	317	33	9
8	129	55	16	4	0	25	98	179	24	126	494	97	9
0	102	97	60	13	37	9	16	190	238	270	455	130	11
4	103	33	32	4	9	0	51	163	114	147	463	85	0
9	39	33	4	0	0	0	5	150	63	86	311	62	12
9	96	124	24	0	5	8	13	61	35	507	382	32	18
19	164	78	17	13	6	30	33	140	6	54	231	5	0
17	77	26	5	10	7	4	39	194	40	87	199	18	0
0	17	23	20	0	0	4	12	181	33	136	304	7	7
0	85	23	0	0	0	0	9	158	88	99	237	51	4
0	54	33	9	0	9	5	36	115	86	93	272	20	32
13	63	73	37	15	11	8	36	253	83	86	400	101	0
4	161	47	4	8	5	5	27	200	88	112	194	37	8
24	68	17	8	0	6	7	23	12	14	53	216	27	13
0	94	0	5	3	0	4	25	54	195	28	191	49	16
22	152	68	0	4	42	0	17	150	49	83	317	73	8
7	90	65	10	16	0	0	17	168	120	96	264	37	0
11	102	51	14	3	20	4	45	133	228	229	352	6	0
0	31	44	14	5	0	16	26	92	26	75	223	33	0
25	213	75	0	0	31	17	0	269	87	140	365	51	6
5	117	26	0	8	19	18	22	150	12	43	246	42	5
25	32	23	5	0	4	6	10	86	16	71	361	54	15
14	100	43	13	3	0	9	46	150	87	95	330	77	14
9	74	40	18	23	13	12	37	156	19	101	333	65	6
6	125	60	13	4	0	4	30	119	28	116	270	89	6
0	61	29	12	10	5	0	34	183	113	49	271	23	0
0	78	15	8	0	0	16	59	131	58	119	334	13	6
0	43	17	7	0	18	0	19	89	11	140	259	6	4
0	57	19	5	10	0	22	11	146	27	78	174	11	0
0	25	9	6	0	0	0	0	75	37	40	154	19	4
0	29	8	0	0	0	4	0	49	88	90	167	48	8
0	26	7	13	0	11	3	0	108	7	27	85	0	0
0	23	4	0	0	4	0	9	0	18	123	282	32	18
20	50	9	0	3	0	7	5	127	31	67	336	102	4
7	161	30	6	0	4	4	18	57	20	43	160	26	0
6	38	22	9	0	5	14	52	59	10	101	164	33	0
6	41	5	4	0	20	25	35	72	8	135	221	16	0
0	22	24	0	0	12	5	17	78	50	66	209	73	6
0	37	48	0	3	0	10	24	62	7	120	125	74	7
0	85	38	14	0	0	12	16	69	3	56	150	0	10
0	5	6	4	0	0	0	8	82	0	28	269	29	0
0	89	30	10	10	0	0	4	70	35	183	198	27	5
38	101	44	3	4	0	17	30	96	20	101	234	22	5
11	228	36	0	3	29	33	85	88	232	116	182	13	20
3	56	30	0	10	0	4	20	19	34	44	155	12	0
14	25	24	4	14	0	5	13	120	0	50	135	20	5
4	76	38	4	4	0	3	26	55	21	59	231	21	0
5	4	18	0	3	0	8	13	116	23	95	291	22	0
0	9	16	0	0	5	12	22	65	15	196	359	56	17
4	119	61	14	9	4	17	23	48	58	65	187	34	0
5	51	15	7	12	4	15	14	43	16	128	239	90	10
8	49	22	4	0	4	20	13	38	42	98	257	74	0
9	31	4	4	0	12	5	14	59	4	94	243	41	0
5	129	35	0	0	0	0	71	53	4	44	139	7	0
0	21	18	0	16	0	25	17	68	24	51	153	18	0
0	44	40	3	9	0	21	69	116	39	72	255	5	0
5	67	34	5	0	0	14	20	33	85	19	142	16	0
16	139	31	7	0	0	23	4	66	41	103	92	19	0
5	55	8	5	8	16	7	9	19	41	51	225	10	9
27	4	37	4	0	8	0	40	105	44	69	127	61	6
9	53	12	6	5	0	4	6	17	7	61	194	6	19
0	63	61	5	4	5	0	68	186	183	96	206	67	8
20	48	41	0	0	4	7	39	31	29	77	160	29	6
0	84	56	7	4	9	0	0	30	14	124	146	12	3
5	31	18	7	3	12	0	0	85	29	54	161	122	0
0	62	25	0	4	5	27	25	59	106	83	157	23	5
6	61	50	7	0	21	0	5	54	17	21	137	0	0
0	29	7	0	0	4	13	27	24	13	35	150	12	11
11	19	24	7	9	5	6	0	110	63	135	113	17	0
0	20	14	5	0	4	0	6	25	9	29	80	0	0
10	31	18	3	0	0	4	3	18	66	62	126	0	0
4	79	8	16	0	5	0	0	27	41	29	75	14	4
0	16	0	0	0	4	22	19	74	23	70	210	10	0
4	52	15	11	0	10	8	3	27	0	9	60	15	0
5	8	0	0	0	4	4	3	30	5	85	35	23	4
0	0	5	0	0	13	0	0	0	18	34	79	10	0
0	9	16	0	6	0	6	13	48	11	107	149	38	10
10	87	5	9	13	3	0	8	47	90	102	268	78	8
0	12	71	9	4	5	5	0	58	40	41	139	22	0
4	35	27	7	0	0	0	7	66	12	26	60	24	3
0	31	6	10	0	0	3	42	47	27	20	198	0	0
0	69	10	5	3	0	0	5	83	83	37	144	0	4
0	19	31	0	0	0	19	21	54	23	76	71	5	0
0	0	7	0	0	5	0	6	13	36	38	145	21	0
0	29	39	0	0	0	9	32	29	53	67	153	54	0
0	124	13	0	0	14	0	0	45	3	0	48	0	10
0	0	5	5	3	0	5	0	21	0	0	61	32	0
0	10	11	0	0	0	0	0	0	0	0	16	0	0
0	5	0	0	0	0	0	0	16	5	33	29	10	0
0	22	13	0	0	0	6	0	14	0	5	39	0	0
0	13	0	0	0	0	6	0	68	21	70	98	5	0
4	14	5	0	0	0	4	4	10	20	10	115	6	0
0	35	11	0	0	0	0	0	9	3	24	98	0	0
0	17	8	4	0	0	0	18	103	118	94	122	24	15
0	47	28	0	0	0	0	7	17	4	23	91	0	0
0	20	0	0	0	0	4	6	38	10	5	42	0	0
0	20	0	7	0	0	0	0	37	0	10	86	18	8
0	24	0	0	0	0	0	7	0	14	7	34	26	0
0	12	34	5	0	0	0	0	17	14	17	68	11	0
0	11	4	0	0	0	4	7	20	22	15	21	0	0
0	0	4	0	0	0	0	0	6	6	21	79	0	7
0	43	14	6	0	8	0	0	13	0	34	66	14	5
8	25	0	0	4	3	0	0	0	0	15	14	8	0
0	7	0	0	0	0	0	30	55	0	64	94	6	0
0	4	0	0	0	4	0	0	13	16	89	71	122	5
0	0	0	0	0	0	0	18	24	0	12	33	0	0
0	5	5	0	0	0	0	5	52	18	21	65	6	4
0	0	33	3	0	5	0	4	0	0	35	22	0	0
4	0	0	0	0	0	0	0	16	0	5	42	22	0
0	6	0	0	0	0	0	0	34	125	14	19	0	0
0	0	7	0	4	14	5	3	8	9	17	29	0	0
0	23	24	0	6	0	4	15	9	0	0	60	13	0
0	18	0	0	0	0	4	0	11	0	0	41	0	0
0	5	0	11	0	0	10	0	61	33	21	8	6	6
0	16	23	0	0	0	0	3	208	8	11	19	8	0
0	5	5	0	0	0	19	9	10	10	84	86	24	0
0	6	0	0	6	0	0	0	0	0	14	26	64	0
5	5	20	4	0	0	8	0	0	0	57	29	6	4
0	26	5	0	3	0	15	14	9	0	38	83	22	0
4	21	4	0	0	0	0	0	0	0	0	25	37	0
5	34	0	0	0	0	0	0	0	0	0	0	0	0
0	0	6	0	0	4	7	0	10	0	17	28	0	0
6	26	25	4	0	6	0	5	11	0	0	0	0	0
0	0	0	0	0	0	0	0	0	0	0	30	0	0
0	0	0	0	0	0	0	0	9	0	19	16	0	0
0	0	0	0	0	0	0	0	10	0	64	108	0	4
0	5	9	0	0	0	0	7	56	0	19	46	0	0
0	8	0	0	0	0	0	0	32	0	19	22	0	5
0	0	0	0	0	0	0	0	10	12	28	6	0	0
0	0	23	0	0	0	0	0	41	4	16	7	8	0
0	13	7	0	0	0	0	0	18	10	14	48	0	0
8	0	19	0	0	0	0	0	16	0	17	36	7	0
0	0	24	0	0	0	0	0	0	18	24	32	0	0
0	0	0	0	0	0	0	0	0	0	10	24	0	5
0	9	0	0	0	0	0	4	30	11	0	49	0	0
3	15	13	9	0	0	0	24	14	8	34	40	12	0
0	0	9	0	0	0	0	6	20	0	28	28	0	0
0	13	4	0	0	0	0	0	68	13	35	78	44	0
9	113	77	0	0	0	0	0	6	0	14	95	9	4
0	4	9	0	0	0	0	0	0	7	155	38	6	0
4	10	5	0	0	0	0	0	7	0	21	31	0	0
0	5	0	0	0	0	0	0	0	0	15	25	20	0
0	31	6	0	0	0	3	17	0	0	9	52	0	0
0	0	0	0	0	0	0	0	0	0	0	0	0	0
0	6	0	0	0	0	0	0	0	11	37	19	36	0
0	0	19	0	0	0	0	0	0	0	3	26	0	0
0	0	4	5	0	4	0	0	0	0	6	0	0	0
6	0	0	0	0	0	0	0	0	0	0	0	0	0
0	0	14	5	14	8	9	15	149	63	73	431	85	38
10	88	115	17	24	12	63	12	73	137	154	289	44	4
4	109	50	12	0	9	6	7	154	89	133	395	126	4
6	174	57	0	5	5	7	39	161	172	111	204	59	0
4	251	98	10	0	0	12	39	140	159	32	374	87	6
0	105	59	11	4	0	9	32	157	52	147	349	44	9
5	175	44	12	14	4	0	62	159	87	118	421	41	0
47	104	37	19	0	4	50	48	221	165	113	329	28	14
0	178	107	6	3	9	34	114	262	33	150	290	61	0
7	98	40	37	3	8	57	48	89	49	136	331	24	0
3	47	68	6	10	11	8	34	73	27	129	192	30	4
0	83	39	0	8	0	4	35	113	150	122	376	28	5
5	74	12	11	4	5	24	18	162	85	190	396	27	11
8	43	18	0	0	0	7	28	61	90	62	329	0	0
8	83	24	8	7	5	3	39	60	27	171	345	14	4
0	34	16	7	4	4	0	25	167	24	68	343	68	11
0	77	43	13	8	6	10	41	146	111	159	369	26	14
0	93	41	11	5	5	13	41	133	10	92	333	12	4
4	105	55	9	13	5	5	0	38	64	161	313	141	4
4	134	50	5	9	4	15	54	162	105	140	498	40	18
10	27	17	11	3	0	23	37	108	60	220	390	25	12
8	93	22	0	7	5	5	13	47	109	172	310	51	8
8	244	68	9	0	4	60	44	179	180	145	393	49	10
6	81	62	4	3	6	10	9	102	138	120	540	99	31
12	72	53	5	9	0	9	4	234	32	27	429	35	14
5	166	116	19	9	23	18	11	97	121	163	244	22	7
0	213	48	11	4	16	20	29	85	65	266	350	92	7
11	118	84	0	8	4	8	49	83	25	147	402	132	7
17	108	73	34	9	6	14	37	76	52	140	294	40	0
9	244	62	5	7	8	9	28	155	61	196	496	95	8
14	190	86	18	3	15	44	38	80	31	74	460	68	8
16	169	26	15	12	32	11	73	173	56	126	399	34	8
9	284	64	64	12	4	19	30	224	72	219	405	24	5
0	192	65	8	0	10	35	49	181	103	215	439	96	3
6	64	51	5	3	0	21	31	63	113	202	554	19	3
27	153	38	4	12	0	10	7	147	140	114	401	64	11
10	178	57	17	15	9	16	12	25	29	54	303	38	24
0	86	43	7	5	4	13	29	140	37	84	168	42	4
0	113	35	3	0	4	24	62	187	46	85	438	33	0
0	52	30	0	0	4	15	19	48	25	129	346	25	5
10	151	21	5	4	5	8	9	94	22	72	276	57	9
8	158	75	14	0	5	13	9	213	26	145	209	76	16
16	58	24	12	0	4	10	26	128	53	110	141	138	0
0	73	21	4	12	3	8	15	62	54	36	185	18	0
0	45	23	4	4	8	12	4	66	52	339	293	56	11
16	29	28	38	0	6	12	42	169	50	122	342	23	8
0	79	39	6	0	11	47	62	94	28	46	269	67	0
4	71	67	16	0	3	14	64	103	102	103	324	42	3
3	82	40	0	13	0	6	13	72	103	84	236	33	10
25	24	48	36	9	0	41	27	169	63	102	159	7	12
0	53	51	12	3	0	47	5	89	21	108	183	33	0
5	55	21	4	0	4	17	38	67	31	106	382	102	5
8	54	46	0	0	21	10	18	138	59	180	428	167	14
0	118	118	9	8	9	4	81	51	37	114	407	38	5
0	208	46	16	4	4	16	32	56	64	121	286	58	3
0	151	34	12	0	4	18	11	10	3	132	256	27	0
4	79	12	0	0	9	5	55	137	21	70	317	15	0
5	50	15	13	0	0	4	9	158	38	74	171	43	0
4	25	44	0	7	0	4	38	55	24	55	149	54	0
0	40	26	8	0	0	4	20	24	21	35	160	36	0
0	50	0	0	0	0	4	4	58	18	134	307	13	4
6	62	26	10	5	0	11	33	29	21	116	158	24	5
0	5	5	0	0	0	0	5	49	28	53	169	53	0
0	89	51	0	0	0	13	23	83	62	127	293	24	13
7	46	37	0	4	8	5	9	66	68	31	76	6	4
4	75	41	10	0	8	7	4	62	20	88	276	15	0
3	37	54	16	8	0	7	24	91	58	68	199	41	0
0	46	4	11	0	0	4	33	37	45	88	214	17	0
14	39	56	4	3	10	8	17	76	13	123	364	125	4
4	79	15	0	0	0	0	8	80	29	25	158	0	4
0	49	30	4	0	0	9	26	16	98	81	238	54	10
15	135	53	4	0	0	0	0	44	5	78	310	20	0
0	47	71	9	0	0	10	13	142	44	36	267	59	10
0	73	22	39	17	17	16	77	121	27	94	304	27	0
4	24	23	0	0	4	0	6	85	42	5	146	33	0
0	81	73	0	0	7	8	49	37	4	71	139	64	17
0	52	36	0	0	0	6	12	16	8	116	156	6	0
0	34	18	5	0	0	11	14	47	62	76	202	44	4
5	50	13	6	10	9	0	0	100	109	190	309	0	13
4	53	54	7	18	12	14	40	27	59	122	287	54	0
0	114	75	15	0	6	4	8	73	46	143	269	43	6
6	33	0	4	4	4	21	0	69	131	104	224	7	0
0	43	14	19	4	5	0	4	74	7	150	102	0	15
0	45	14	0	0	29	13	21	71	14	50	114	0	0
4	4	50	0	8	4	7	9	7	42	55	161	24	0
11	35	19	0	4	15	4	56	42	16	27	180	28	18
4	58	0	3	0	4	15	61	71	14	118	82	29	0
5	41	14	0	5	0	3	9	88	4	69	266	23	0
0	20	18	10	0	0	0	5	57	35	34	146	61	0
4	58	60	5	11	11	6	25	89	36	71	74	13	11
0	25	11	0	0	0	9	0	21	5	86	228	20	4
20	13	0	4	0	4	0	15	109	110	108	260	70	5
6	52	39	29	0	7	7	14	111	65	96	334	22	10
14	75	21	13	0	0	0	4	127	25	37	98	0	0
0	20	25	19	0	0	0	7	60	34	138	183	14	0
0	45	22	0	11	7	22	7	58	25	64	264	9	0
8	84	10	28	8	0	10	27	27	30	31	112	0	0
0	9	0	4	4	3	9	11	38	81	12	124	22	0
5	96	21	13	0	0	11	33	119	52	40	68	11	4
0	55	0	3	0	0	5	12	19	6	20	128	51	0
0	50	24	0	0	0	0	21	11	30	46	135	19	0
0	86	21	15	0	0	0	0	71	12	76	154	8	0
0	26	29	0	9	5	9	3	100	8	41	82	0	0
4	46	0	9	0	0	0	3	21	4	87	34	21	0
0	9	24	8	0	0	14	8	51	4	14	56	0	0
0	10	4	13	0	0	0	5	11	17	10	103	8	0
0	26	26	0	4	3	0	0	49	44	67	161	20	6
0	53	24	13	0	5	12	48	58	125	130	204	13	0
25	81	31	11	4	0	0	15	50	16	53	47	9	0
0	55	11	0	0	0	0	0	0	0	26	116	16	0
4	74	0	5	0	18	8	31	39	27	25	155	14	22
0	30	18	0	0	0	8	21	109	69	19	143	34	0
4	96	11	4	4	10	5	5	39	61	22	77	28	0
0	13	11	0	0	0	8	16	57	19	109	164	7	0
22	4	5	0	0	4	0	21	176	23	80	86	7	0
0	12	19	17	0	0	26	0	10	3	5	50	20	0
0	19	0	0	4	0	0	5	0	20	28	150	18	0
4	7	10	0	0	0	0	0	16	0	5	79	0	0
0	6	0	0	0	0	0	3	28	0	24	16	0	0
3	4	8	0	4	0	16	12	32	0	0	49	21	0
0	4	5	0	0	0	0	4	38	3	53	73	31	0
0	19	0	4	0	0	0	4	0	9	52	138	18	0
0	20	8	0	0	0	0	8	42	3	18	65	72	0
0	87	10	0	0	12	0	4	117	97	80	121	25	0
13	0	13	0	3	0	0	0	26	0	27	51	0	0
0	18	5	0	0	3	0	5	7	0	0	30	0	0
0	19	10	0	0	0	0	0	0	20	50	53	42	5
0	7	0	0	0	0	0	0	9	0	40	27	0	0
4	16	9	0	0	0	0	7	23	0	58	41	0	8
0	4	4	0	0	0	24	33	40	0	0	17	5	0
0	23	12	0	0	0	0	0	30	8	14	97	14	6
0	15	10	12	0	0	4	5	7	0	43	100	7	0
0	15	33	13	0	0	0	11	7	3	21	46	35	0
0	0	8	0	0	8	0	8	62	8	0	61	0	0
0	0	0	5	0	0	0	0	86	15	127	31	0	0
0	6	5	0	0	4	0	12	15	18	6	33	15	0
0	16	4	0	0	0	0	0	32	0	42	71	0	0
6	7	0	5	0	0	0	0	47	10	11	17	37	0
0	5	0	0	0	0	0	6	17	26	5	92	24	0
0	9	0	0	0	0	0	11	0	0	7	66	5	0
4	9	8	10	0	0	0	0	15	0	10	55	0	0
4	7	24	4	8	0	0	6	0	0	14	23	0	0
0	11	0	0	0	0	0	0	0	0	0	32	0	3
0	22	3	0	6	0	0	0	25	0	5	85	0	0
9	0	0	0	0	0	5	14	44	12	19	51	13	0
0	0	0	0	23	4	0	0	58	7	19	30	0	0
0	0	31	0	0	0	0	0	7	13	78	64	7	0
5	36	0	4	14	0	0	3	116	8	16	77	15	0
0	24	11	0	0	6	7	4	58	29	7	34	11	0
0	4	4	0	0	0	0	0	26	0	30	56	46	0
0	6	0	4	0	0	0	0	0	0	0	6	0	0
0	4	0	0	0	0	0	11	0	7	5	7	18	0
7	20	6	8	0	4	11	0	0	0	0	0	0	0
0	0	0	3	0	0	0	0	0	0	39	39	0	0
0	4	10	0	0	0	5	0	0	0	22	39	0	0
0	5	4	0	0	0	0	0	15	0	24	149	0	0
0	47	0	0	0	3	28	0	13	0	16	58	0	0
0	6	0	0	0	0	8	0	33	0	5	36	0	0
0	17	0	0	0	0	6	46	28	0	5	7	0	4
8	0	0	0	4	0	0	0	27	0	12	16	8	9
3	26	11	0	0	0	0	0	8	13	15	22	29	0
5	0	0	0	0	0	8	0	0	7	5	34	18	0
0	38	11	0	0	0	0	4	52	4	6	83	48	0
0	5	0	0	0	0	3	6	32	0	0	68	8	9
0	0	6	0	0	0	4	20	0	14	0	0	10	0
0	94	0	0	0	5	0	4	97	4	18	5	0	0
0	6	0	3	0	0	0	0	0	0	14	37	44	6
0	0	0	0	0	0	9	0	25	5	68	35	16	9
21	12	13	0	0	0	0	5	0	30	38	39	0	0
6	67	0	0	0	0	0	0	30	0	56	40	0	0
0	0	0	0	0	0	0	0	15	0	12	65	0	0
0	5	0	0	0	0	0	0	0	0	40	86	5	0
0	4	0	0	0	6	0	3	0	19	9	25	0	0
0	0	0	0	0	0	0	0	0	0	0	4	0	0
0	5	0	0	0	0	0	0	7	16	23	11	0	0
0	20	0	0	0	0	0	0	0	0	12	20	0	0
0	17	8	5	0	0	0	0	0	0	5	30	0	0
0	0	0	0	0	0	0	0	0	0	0	7	0	0
