elements	Occurences	Total_bp	mean_length	percent_genome
rnd-5_family-216	14930	12522375	839	0.9820639007334
rnd-1_family-32	5807	10326618	1778	0.809862246935086
rnd-3_family-163	14216	9407841	662	0.737807407136395
rnd-3_family-27	16730	8975902	537	0.703932706912285
rnd-3_family-135	9179	8125196	885	0.637216317031188
rnd-6_family-498	5922	6739502	1138	0.52854363673988
rnd-6_family-131	7894	6339098	803	0.497142060432729
rnd-5_family-476	5449	5616617	1031	0.440481681785247
rnd-4_family-265	4809	5379943	1119	0.421920586813871
rnd-5_family-283	8713	5338294	613	0.418654275159601
rnd-1_family-0	9905	5014124	506	0.393231329855635
rnd-1_family-34	6386	4841967	758	0.379729963305076
rnd-6_family-324	7151	4833496	676	0.379065627402093
rnd-6_family-509	4891	4786583	979	0.375386487959687
rnd-4_family-489	3575	4584405	1282	0.359530732536097
rnd-1_family-23	3677	4519463	1229	0.35443767360427
rnd-3_family-137	4564	4498250	986	0.352774049768835
rnd-6_family-6	6390	4404855	689	0.345449571943423
rnd-6_family-768	4611	4320680	937	0.338848170145103
rnd-1_family-2	8425	4251304	505	0.333407375952526
rnd-1_family-65	3587	4168515	1162	0.326914670832465
rnd-5_family-733	3872	4110276	1062	0.322347292877819
rnd-1_family-3	6471	4062866	628	0.318629176343713
rnd-1_family-47	3526	3920315	1112	0.307449652402492
rnd-1_family-1	3865	3912637	1012	0.306847507311818
rnd-1_family-20	8203	3873099	472	0.303746750266354
rnd-1_family-197	3486	3772617	1082	0.295866476366755
rnd-1_family-67	4593	3750600	817	0.294139799046961
rnd-5_family-11	2410	3666307	1521	0.28752914313029
rnd-1_family-11	3145	3499437	1113	0.274442408136698
rnd-6_family-216	3714	3497900	942	0.274321869323939
rnd-2_family-14	4556	3455116	758	0.270966545599088
rnd-1_family-16	4178	3432538	822	0.269195872004761
rnd-1_family-7	4373	3393329	776	0.266120916696055
rnd-4_family-286	7774	3347591	431	0.262533926313501
rnd-1_family-54	4916	3331993	678	0.261310657347059
rnd-5_family-434	4091	3298073	806	0.258650490444784
rnd-1_family-5	7712	3145129	408	0.246655898266083
rnd-1_family-22	2433	3111812	1279	0.244043021477076
rnd-1_family-78	2753	3080627	1119	0.241597346216244
rnd-2_family-95	2722	3070443	1128	0.240798668747707
rnd-1_family-90	6002	2886589	481	0.226379968109414
rnd-1_family-18	6245	2870792	460	0.225141092621347
rnd-1_family-41	1925	2792978	1451	0.219038550541936
rnd-6_family-142	10843	2770668	256	0.217288894775728
rnd-4_family-377	3721	2762526	742	0.216650360609504
rnd-6_family-538	3523	2759499	783	0.216412968946379
rnd-1_family-35	3709	2744537	740	0.215239578109356
rnd-4_family-313	1015	2716260	2676	0.213021961968565
rnd-1_family-37	1952	2710252	1388	0.212550786179978
rnd-1_family-176	2561	2607695	1018	0.204507780961917
rnd-1_family-33	5108	2587074	506	0.202890584567701
rnd-1_family-178	2571	2565559	998	0.201203276463265
rnd-1_family-147	1857	2495693	1344	0.195724054152111
rnd-6_family-134	2219	2452077	1105	0.192303481050412
rnd-3_family-370	1783	2432990	1365	0.19080658819476
rnd-1_family-218	2678	2417080	903	0.189558850712
rnd-6_family-504	3270	2407152	736	0.188780249974802
rnd-5_family-1014	4127	2398055	581	0.188066820189719
rnd-4_family-397	5283	2397825	454	0.188048782501408
rnd-4_family-502	3826	2350621	614	0.184346821462051
rnd-5_family-36	1861	2340427	1258	0.183547359746196
rnd-1_family-259	1870	2334268	1248	0.183064341823109
rnd-6_family-402	5045	2291041	454	0.179674275942076
rnd-5_family-4	2081	2266223	1089	0.177727930948542
rnd-5_family-63	2198	2251469	1024	0.17657085245573
rnd-3_family-200	2732	2222818	814	0.17432390546525
rnd-1_family-8	2135	2168453	1016	0.170060344921554
rnd-1_family-53	2996	2128184	710	0.166902259397152
rnd-1_family-13	5861	2110220	360	0.165493437515298
rnd-5_family-635	3285	2061060	627	0.161638077700563
rnd-3_family-368	4142	2027721	490	0.159023475567457
rnd-1_family-40	1958	1973359	1008	0.154760150297956
rnd-3_family-111	3489	1967005	564	0.15426183955217
rnd-1_family-9	2319	1961024	846	0.153792781231341
rnd-1_family-44	1760	1957555	1112	0.153520725836766
rnd-1_family-52	1620	1952747	1205	0.153143659726325
rnd-4_family-492	3172	1945918	613	0.15260809723294
rnd-1_family-17	2339	1937485	828	0.151946741469765
rnd-3_family-88	3465	1904043	550	0.149324061589285
rnd-1_family-96	1869	1811795	969	0.142089536931235
rnd-6_family-15	2541	1803837	710	0.14146543291566
rnd-3_family-9	8082	1797611	222	0.140977160535543
rnd-1_family-27	2704	1790182	662	0.140394543203084
rnd-4_family-64	3315	1776503	536	0.139321771296945
rnd-5_family-68	1983	1772955	894	0.139043520348559
rnd-4_family-244	2193	1751452	799	0.137357153340905
rnd-1_family-39	1217	1737145	1427	0.136235130703203
rnd-1_family-64	4693	1726354	368	0.13538884942247
rnd-4_family-96	1880	1689858	899	0.132526660411107
rnd-1_family-217	3377	1684489	499	0.132105598026134
rnd-1_family-267	4532	1675906	370	0.131432478553191
rnd-1_family-177	1875	1610744	859	0.126322166180371
rnd-1_family-111	4553	1584199	348	0.124240381675038
rnd-1_family-86	1138	1573764	1383	0.123422019598822
rnd-4_family-173	3645	1559474	428	0.12230133018156
rnd-3_family-52	2273	1543793	679	0.121071551962381
rnd-4_family-333	2534	1541093	608	0.120859805186551
rnd-4_family-408	2307	1521613	660	0.119332091411306
rnd-4_family-35	3050	1519836	498	0.119192730662917
rnd-5_family-743	1585	1507630	951	0.118235478386703
rnd-4_family-418	2748	1502479	547	0.11783151259326
rnd-1_family-127	1663	1501996	903	0.117793633447806
rnd-4_family-959	2930	1496054	511	0.117327633691517
rnd-1_family-125	1440	1495846	1039	0.117311321347305
rnd-5_family-65	5138	1495092	291	0.117252189099536
rnd-5_family-339	2672	1486579	556	0.116584559357818
rnd-6_family-377	1417	1476584	1042	0.115800704163589
rnd-1_family-21	1995	1461055	732	0.114582846503642
rnd-3_family-214	2062	1459358	708	0.114449759733796
rnd-1_family-69	1025	1435512	1400	0.112579643579561
rnd-1_family-132	1823	1434718	787	0.112517374342521
rnd-1_family-220	1526	1424549	934	0.111719873244961
rnd-1_family-105	1895	1424216	752	0.111693757809275
rnd-3_family-79	3071	1398726	455	0.109694711395979
rnd-1_family-75	1635	1397463	855	0.10959566095973
rnd-6_family-553	4087	1394493	341	0.109362739506317
rnd-4_family-299	2078	1381491	665	0.1083430611436
rnd-1_family-68	2674	1380684	516	0.108279772385046
rnd-1_family-92	1785	1377177	772	0.108004736850663
rnd-1_family-198	3121	1327109	425	0.104078167379463
rnd-1_family-271	4380	1321536	302	0.103641106349204
rnd-1_family-50	925	1314383	1421	0.103080134242719
rnd-1_family-49	1300	1313581	1010	0.103017237607824
rnd-1_family-116	1158	1300365	1123	0.101980776352504
rnd-3_family-185	699	1300281	1860	0.101974188675034
rnd-1_family-319	1011	1271359	1258	0.099705988582239
rnd-4_family-86	1373	1263450	920	0.0990857273785216
rnd-1_family-208	1207	1249666	1035	0.0980047208755452
rnd-4_family-534	1486	1242137	836	0.0974142610699075
rnd-6_family-755	2355	1237550	525	0.0970545268251925
rnd-1_family-120	6490	1231184	190	0.0965552749826251
rnd-1_family-247	2788	1222333	438	0.0958611376815627
rnd-4_family-906	1219	1221935	1002	0.0958299246383108
rnd-1_family-12	1764	1217596	690	0.0954896397270793
rnd-1_family-128	2907	1215497	418	0.0953250262150547
rnd-1_family-236	1086	1213497	1117	0.0951681767514772
rnd-1_family-14	2523	1193140	473	0.0935716844864532
rnd-1_family-59	1904	1180171	620	0.0925545941398846
rnd-1_family-126	3073	1180028	384	0.0925433794032388
rnd-1_family-165	1267	1176387	928	0.0922578349547959
rnd-1_family-15	6797	1170141	172	0.0917679940800432
rnd-6_family-454	1583	1167548	738	0.091564638750515
rnd-5_family-226	1613	1165645	723	0.0914153964859209
rnd-1_family-58	933	1151688	1234	0.0903208225043451
rnd-1_family-393	1183	1133301	958	0.088878826960945
rnd-3_family-391	1020	1114307	1092	0.0873892276053491
rnd-4_family-25	2035	1108323	545	0.0869199340103251
rnd-1_family-541	1200	1107548	923	0.0868591548431887
rnd-1_family-6	4764	1096202	230	0.0859693478363134
rnd-4_family-712	1643	1093875	666	0.0857868534854409
rnd-1_family-93	1613	1091928	677	0.0856341605326482
rnd-4_family-907	1175	1091032	929	0.0855638919729654
rnd-2_family-73	1329	1086447	817	0.0852043145777139
rnd-1_family-98	829	1085915	1310	0.0851625926204023
rnd-1_family-134	4057	1085385	268	0.0851210275125543
rnd-1_family-24	2479	1084623	438	0.0850612678669312
rnd-5_family-52	2223	1066299	480	0.0836242130816338
rnd-1_family-238	2195	1060903	483	0.0832010332289016
rnd-1_family-76	1159	1048474	905	0.082226292237499
rnd-1_family-379	1797	1044302	581	0.0818991042564762
rnd-5_family-113	1654	1036717	627	0.0813042526658584
rnd-4_family-346	1154	1035754	898	0.0812287296491458
rnd-5_family-374	6080	1030474	169	0.0808146470653011
rnd-5_family-64	1577	1029609	653	0.0807468096723038
rnd-1_family-263	1753	1026877	586	0.0805325533050569
rnd-4_family-880	1117	1025725	918	0.0804422080140362
rnd-4_family-247	1008	1007140	999	0.0789846843737419
rnd-5_family-1503	799	1000037	1252	0.0784276335038463
rnd-1_family-117	2712	996620	367	0.0781596561953241
rnd-1_family-278	1464	993263	678	0.0778963843707092
rnd-1_family-212	1528	986978	646	0.0774034849314167
rnd-5_family-79	1155	985252	853	0.0772681238443493
rnd-1_family-184	1305	982695	753	0.0770675918051654
rnd-4_family-34	2019	970799	481	0.0761346511958062
rnd-1_family-124	1762	967259	549	0.075857027645274
rnd-1_family-103	1393	960321	689	0.0753129168561235
rnd-1_family-77	811	959659	1183	0.0752609996836793
rnd-5_family-1195	2181	959116	440	0.075218415054318
rnd-4_family-144	2294	958630	418	0.0751803006346687
rnd-1_family-196	1589	944308	594	0.0740571016259899
rnd-5_family-891	1190	942789	792	0.0739379744584028
rnd-1_family-241	2974	938484	316	0.0736003559880521
rnd-1_family-83	3590	933328	260	0.0731959980709492
rnd-6_family-56	1757	932963	531	0.0731673730438463
rnd-1_family-71	1037	931966	899	0.0730891835862529
rnd-3_family-272	2060	930703	452	0.0729901331500037
rnd-5_family-585	1176	920708	783	0.0722062779557749
rnd-3_family-369	1076	920309	855	0.0721749864877912
rnd-4_family-539	1009	916830	909	0.0719021468458981
rnd-1_family-137	3759	913307	243	0.0716258565158063
rnd-4_family-994	978	912534	933	0.0715652341981335
rnd-4_family-514	1963	912503	465	0.0715628030314481
rnd-5_family-523	2934	910667	310	0.0714188152238839
rnd-5_family-762	855	902563	1056	0.0707832611974677
rnd-1_family-567	1551	901152	581	0.0706726039009138
rnd-2_family-84	2054	898707	438	0.0704808554316902
rnd-1_family-548	1556	898005	577	0.0704258012699745
rnd-1_family-330	1822	893068	490	0.0700386183691334
rnd-1_family-313	1590	891008	560	0.0698770634216485
rnd-4_family-661	1214	889841	733	0.069785541759651
rnd-6_family-66	4842	888413	183	0.0696735512426566
rnd-2_family-119	958	881781	920	0.0691534384214335
rnd-5_family-977	4534	881365	194	0.0691208137330094
rnd-1_family-231	2776	871858	314	0.0683752298078935
rnd-1_family-377	2341	869740	372	0.0682091262259649
rnd-3_family-170	997	865592	868	0.0678838204385051
rnd-3_family-389	1438	865558	602	0.0678811539976243
rnd-1_family-415	1558	857600	550	0.0672570499820492
rnd-4_family-660	889	848949	955	0.0665785976273446
rnd-5_family-98	1123	845135	753	0.0662794857003022
rnd-1_family-82	1047	842891	805	0.0661035006021682
rnd-6_family-367	1474	831279	564	0.065192832616637
rnd-5_family-167	783	828467	1058	0.064972302270847
rnd-1_family-129	1542	827560	537	0.0649011710391146
rnd-3_family-264	1206	826661	685	0.0648306672052365
rnd-1_family-89	1343	824979	614	0.0646987568063678
rnd-3_family-531	1168	824122	706	0.0646315468112248
rnd-5_family-190	869	810927	933	0.063596732475272
rnd-1_family-384	1032	794603	770	0.0623165271535521
rnd-1_family-122	2791	790266	283	0.0619763990917842
rnd-1_family-327	1007	783827	778	0.0614714222437963
rnd-1_family-282	2019	770989	382	0.0604646055370921
rnd-1_family-167	1097	769740	702	0.0603666530470879
rnd-1_family-380	2092	769405	368	0.0603403807619387
rnd-4_family-111	826	766312	928	0.060097813066516
rnd-4_family-166	1321	760095	575	0.0596102465089852
rnd-1_family-4	1166	759364	651	0.0595529180300476
rnd-1_family-46	1170	751812	643	0.0589606544555788
rnd-1_family-269	2066	751166	364	0.0589099920788433
rnd-6_family-607	755	747452	990	0.0586187226249798
rnd-1_family-138	2913	742020	255	0.0581927194819032
rnd-3_family-97	982	729101	742	0.0571795503719241
rnd-3_family-127	1244	727916	585	0.0570866170647544
rnd-1_family-451	749	722791	965	0.0566846903143369
rnd-4_family-1198	1047	721613	689	0.0565923059802898
rnd-1_family-364	2811	721459	257	0.0565802285715943
rnd-3_family-133	3878	720847	186	0.0565322326357396
rnd-6_family-411	1769	710062	401	0.0556864219033977
rnd-5_family-586	978	709179	725	0.0556171728652282
rnd-1_family-462	1829	704817	385	0.0552750841851656
rnd-1_family-527	887	702098	792	0.0550618473394319
rnd-1_family-85	1201	696313	580	0.0546081602660339
rnd-1_family-73	1245	694826	558	0.054491542689864
rnd-3_family-144	2447	694178	284	0.0544407234636649
rnd-4_family-549	1135	693552	611	0.0543916295815651
rnd-4_family-1769	1121	692218	618	0.0542870109893589
rnd-2_family-194	2511	691048	275	0.054195254053166
rnd-1_family-143	1074	679332	633	0.0532764298955288
rnd-1_family-558	1832	668301	365	0.0524113266791669
rnd-1_family-403	2635	661989	251	0.0519163097721161
rnd-1_family-193	1238	661393	534	0.05186956863197
rnd-1_family-252	2128	659786	310	0.0517435400879855
rnd-4_family-723	693	650442	939	0.0510107393941512
rnd-6_family-637	1947	650051	334	0.0509800753240218
rnd-4_family-929	881	649371	737	0.0509267465064054
rnd-1_family-80	1419	644681	454	0.0505589345143161
rnd-3_family-217	729	642265	881	0.0503694603623144
rnd-1_family-611	820	641212	782	0.0502868791197409
rnd-4_family-281	1446	639464	442	0.0501497926885741
rnd-1_family-118	1141	639064	560	0.0501184227958586
rnd-1_family-446	2073	634215	306	0.0497381412714148
rnd-4_family-85	1277	631539	495	0.0495282766891481
rnd-6_family-13	1866	630013	338	0.0494086005484384
rnd-5_family-772	1759	629215	358	0.049346017612471
rnd-1_family-235	2362	629000	266	0.0493291562951364
rnd-5_family-73	742	628518	847	0.0492913555744142
rnd-3_family-324	975	625317	641	0.0490403180079584
rnd-1_family-625	700	623176	890	0.0488724106571986
rnd-1_family-305	1291	622179	482	0.0487942211996052
rnd-5_family-185	691	621253	899	0.0487215998979688
rnd-4_family-809	1167	617206	529	0.0484042150084196
rnd-1_family-88	994	615956	620	0.0483061840936837
rnd-4_family-623	1358	613311	452	0.0480987506781024
rnd-1_family-230	853	609416	714	0.0477932863477851
rnd-1_family-287	2474	608444	246	0.0477170575084864
rnd-5_family-466	1146	608218	531	0.0476993335191022
rnd-1_family-84	1633	602908	369	0.0472828981933038
rnd-6_family-209	2192	601307	274	0.04715734019771
rnd-1_family-405	1176	600751	511	0.0471137360468354
rnd-6_family-565	798	597098	748	0.0468272505016111
rnd-1_family-514	1390	594697	428	0.0466389527205862
rnd-4_family-98	1060	594145	561	0.0465956622686388
rnd-1_family-211	644	592886	921	0.0464969255313168
rnd-3_family-105	3129	585946	187	0.0459526578927027
rnd-5_family-555	1028	585398	569	0.0459096811396825
rnd-1_family-226	2349	585151	249	0.0458903102309306
rnd-1_family-361	1682	583111	347	0.0457303237780815
rnd-1_family-470	1716	577906	337	0.045322123049121
rnd-1_family-72	4187	577192	138	0.0452661277906238
rnd-4_family-316	1158	575735	497	0.0451518629564076
rnd-1_family-144	1509	572584	379	0.0449047466265411
rnd-1_family-636	970	572406	590	0.0448907870242828
rnd-5_family-62	657	568234	865	0.04456359904326
rnd-6_family-360	1232	563586	457	0.0441990808899058
rnd-1_family-654	718	563429	785	0.044186768207015
rnd-4_family-103	803	556904	694	0.0436750468320932
rnd-1_family-45	1064	554950	522	0.043521804906178
rnd-1_family-503	1169	548787	469	0.0430384732841638
rnd-5_family-300	585	545152	932	0.0427533993841116
rnd-1_family-153	2115	544470	257	0.0426999137170317
rnd-1_family-486	1367	541521	396	0.0424686391829866
rnd-1_family-312	735	541260	736	0.0424481703279897
rnd-4_family-698	677	540267	798	0.0423702945693235
rnd-1_family-224	1898	538894	284	0.0422626174125775
rnd-1_family-569	1541	536626	348	0.0420847501208806
rnd-5_family-1410	629	536608	853	0.0420833384757084
rnd-3_family-29	1749	535221	306	0.0419745633727173
rnd-1_family-288	993	535142	539	0.041968367818906
rnd-1_family-63	3065	534110	174	0.0418874334957
rnd-1_family-281	725	533423	736	0.0418335557049611
rnd-4_family-610	796	533376	670	0.041829869742567
rnd-5_family-172	799	532114	666	0.0417308977310496
rnd-5_family-18	1305	528014	405	0.0414093563307157
rnd-1_family-337	1209	526780	436	0.0413125802116883
rnd-4_family-133	667	525322	788	0.0411982369527403
rnd-5_family-299	663	524932	792	0.0411676513073427
rnd-4_family-882	516	517295	1003	0.0405687216306718
rnd-1_family-279	761	515694	678	0.040443163635078
rnd-4_family-1533	798	509712	639	0.0399740268895176
rnd-1_family-276	898	509391	567	0.0399488525506134
rnd-1_family-349	1663	507456	305	0.0397971006946021
rnd-5_family-915	844	507242	601	0.0397803178019993
rnd-3_family-509	974	506316	520	0.0397076965003629
rnd-4_family-159	1545	504467	327	0.0395626891712855
rnd-5_family-210	1096	503614	460	0.0394957928750697
rnd-1_family-297	1918	502619	262	0.0394177602669398
rnd-3_family-153	1567	501683	320	0.0393443547179856
rnd-1_family-261	2905	499342	172	0.039160762420868
rnd-5_family-882	933	496719	532	0.0389550543493861
rnd-1_family-168	1440	494571	343	0.0387865980255038
rnd-6_family-351	1037	494318	477	0.0387667565683613
rnd-1_family-87	1398	491722	352	0.0385631659646376
rnd-5_family-169	2111	489741	232	0.0384078065709641
rnd-4_family-504	520	485523	934	0.038077011052279
rnd-4_family-561	633	484638	766	0.038007605164646
rnd-5_family-387	677	481235	711	0.0377407258023688
rnd-5_family-102	773	479851	621	0.0376321859735731
rnd-1_family-412	960	476301	496	0.037353778175723
rnd-1_family-207	712	474683	667	0.0372268869596888
rnd-3_family-231	1695	473636	279	0.0371447762655059
rnd-6_family-610	1940	471866	243	0.0370059644902398
rnd-5_family-486	621	471179	759	0.0369520866995009
rnd-1_family-374	1159	470908	406	0.0369308335971862
rnd-5_family-1055	1395	469775	337	0.0368419783760695
rnd-2_family-7	1121	468780	418	0.0367639457679397
rnd-6_family-400	1153	468235	406	0.0367212042891148
rnd-6_family-339	1052	465425	442	0.0365008307927883
rnd-1_family-651	837	464874	555	0.0364576187655727
rnd-5_family-443	753	463242	615	0.0363296296032934
rnd-4_family-963	560	462707	826	0.0362876723717865
rnd-1_family-411	958	462258	483	0.0362524596672133
rnd-5_family-268	2302	460000	200	0.0360753766228343
rnd-4_family-124	760	458229	603	0.0359364864228363
rnd-1_family-652	898	456811	509	0.0358252801531599
rnd-1_family-210	1085	454718	419	0.035661137189526
rnd-5_family-82	1304	453328	348	0.0355521268123396
rnd-4_family-117	745	453254	608	0.0355463233821872
rnd-1_family-613	775	452704	584	0.0355031897797034
rnd-1_family-114	827	451756	546	0.0354288431339676
rnd-3_family-38	898	449649	501	0.0352636022240887
rnd-1_family-388	580	447816	772	0.0351198496907199
rnd-4_family-1285	1055	447614	424	0.0351040078948985
rnd-6_family-19	2682	447456	167	0.0350916167872759
rnd-4_family-18	1985	445960	225	0.0349742933885199
rnd-4_family-42	1125	445099	396	0.0349067696944498
rnd-6_family-629	1210	442095	365	0.0346711818001563
rnd-5_family-673	462	439350	951	0.0344559059113961
rnd-1_family-25	1505	437661	291	0.0343234465394049
rnd-6_family-82	573	435379	760	0.0341444813014629
rnd-6_family-1655	470	432568	920	0.0339240293804047
rnd-5_family-455	1228	430755	351	0.0337818453416717
rnd-5_family-6	886	429697	485	0.0336988719754392
rnd-4_family-1389	1172	427805	365	0.0335504923828948
rnd-5_family-765	581	426454	734	0.0334445405702482
rnd-4_family-255	1354	426242	315	0.033427914527109
rnd-5_family-884	421	422346	1003	0.0331223717720599
rnd-6_family-474	1730	420942	243	0.0330122634486285
rnd-1_family-570	958	420025	438	0.0329403479695782
rnd-6_family-175	438	419850	959	0.0329266236415151
rnd-1_family-222	799	418178	523	0.0327954974899643
rnd-1_family-102	2948	411070	139	0.0322380544964097
rnd-4_family-239	1149	408589	356	0.0320434827368418
rnd-1_family-641	579	406678	702	0.0318936130743935
rnd-1_family-455	1063	404598	381	0.0317304896322728
rnd-1_family-60	680	403786	594	0.0316668087500603
rnd-5_family-353	408	402891	987	0.0315966186151094
rnd-1_family-620	921	402278	437	0.0315485442545229
rnd-1_family-763	762	401210	527	0.0314647866409725
rnd-5_family-109	708	399585	564	0.0313373464518157
rnd-5_family-45	1317	397750	302	0.0311934370689833
rnd-5_family-357	381	396246	1040	0.031075486272373
rnd-1_family-778	720	395676	550	0.0310307841752534
rnd-4_family-327	1043	394339	378	0.0309259303088518
rnd-3_family-301	1516	392761	259	0.0308021760820891
rnd-1_family-74	1654	392475	237	0.0307797466087975
rnd-5_family-409	477	392444	823	0.0307773154421121
rnd-1_family-187	507	390993	771	0.0306635211562866
rnd-1_family-234	1490	390666	262	0.0306378762689917
rnd-1_family-28	1318	390519	296	0.0306263478334187
rnd-1_family-243	517	390008	754	0.0305862727954747
rnd-5_family-291	570	387116	679	0.0303594684711415
rnd-5_family-1347	769	387105	503	0.0303586057990919
rnd-1_family-583	1095	385408	352	0.0302255190292463
rnd-1_family-696	787	384104	488	0.0301232531789938
rnd-1_family-717	635	382895	603	0.0300284376782611
rnd-1_family-148	722	381703	529	0.0299349553979689
rnd-4_family-345	988	379021	384	0.0297246202673114
rnd-1_family-119	692	378421	547	0.0296775654282382
rnd-1_family-294	969	378033	390	0.0296471366323041
rnd-5_family-1238	475	377061	794	0.0295709077930054
rnd-5_family-258	465	376209	809	0.0295040899215214
rnd-6_family-319	475	376029	792	0.0294899734697994
rnd-5_family-364	1041	375993	361	0.029487150179455
rnd-1_family-48	1529	375891	246	0.0294791508568126
rnd-5_family-75	459	373468	814	0.0292891277316884
rnd-4_family-358	2030	372428	183	0.0292075660106281
rnd-1_family-798	431	371033	861	0.0290981635097827
rnd-4_family-234	900	370954	412	0.0290919679559714
rnd-5_family-901	1056	369760	350	0.0289983288262156
rnd-1_family-351	409	369522	903	0.0289796637400499
rnd-1_family-923	629	359830	572	0.0282195712395531
rnd-1_family-123	767	358696	468	0.0281306375937047
rnd-4_family-389	1497	357701	239	0.0280526049855749
rnd-5_family-547	454	356988	786	0.0279966881518095
rnd-1_family-373	454	355100	782	0.0278486222581923
rnd-5_family-481	472	354973	752	0.0278386623172551
rnd-5_family-20	391	354515	907	0.0278027437900958
rnd-1_family-42	1034	353595	342	0.0277305930368502
rnd-5_family-173	423	353376	835	0.0277134180205884
rnd-6_family-3053	552	352374	638	0.0276348364393361
rnd-1_family-66	822	351495	428	0.0275659011000938
rnd-5_family-189	516	350661	680	0.0275004948737819
rnd-1_family-257	991	350330	354	0.0274745362875598
rnd-1_family-101	910	347162	381	0.027226086737253
rnd-1_family-609	528	344322	652	0.0270033604989729
rnd-4_family-63	960	343715	358	0.0269557566867771
rnd-1_family-586	1082	343014	317	0.0269007809497932
rnd-5_family-962	612	341657	558	0.0267943585887558
rnd-6_family-388	979	339998	347	0.0266642519587183
rnd-4_family-406	625	339353	543	0.0266136680067145
rnd-5_family-191	412	338702	822	0.02656261350632
rnd-1_family-430	787	337980	429	0.0265059908499685
rnd-1_family-353	1226	336553	275	0.0263940787577059
rnd-1_family-94	1376	335111	244	0.0262809902944665
rnd-1_family-302	1087	334837	308	0.0262595019179564
rnd-1_family-43	862	332187	385	0.0260516763787162
rnd-1_family-284	1335	329401	247	0.0258331850759527
rnd-6_family-332	1890	328788	174	0.0257851107153661
rnd-1_family-600	369	327526	888	0.0256861387038487
rnd-1_family-209	1282	327229	255	0.0256628465585075
rnd-5_family-1260	414	326569	789	0.0256110862355269
rnd-6_family-462	1029	325902	317	0.0255587769394238
rnd-4_family-843	801	325141	406	0.0254990957185325
rnd-1_family-336	1643	323342	197	0.0253580096260445
rnd-4_family-476	1828	323147	177	0.0253427168033457
rnd-5_family-519	635	321633	507	0.0252239817594175
rnd-5_family-57	510	321607	631	0.025221942716391
rnd-4_family-246	720	316006	439	0.0247826857936421
rnd-5_family-240	487	314272	645	0.0246466973087204
rnd-6_family-1202	2130	311948	146	0.0244644382320433
rnd-4_family-833	614	311551	507	0.0244333036135231
rnd-1_family-270	1073	311002	290	0.0243902484357711
rnd-5_family-1722	572	310453	543	0.0243471932580191
rnd-6_family-736	574	307818	536	0.0241405440897556
rnd-1_family-618	1100	306849	279	0.0240645505246523
rnd-1_family-685	557	306033	549	0.0240005559435127
rnd-5_family-542	733	303176	414	0.0237764964847922
rnd-1_family-682	1011	302988	300	0.0237617526352159
rnd-4_family-437	870	302912	348	0.0237557923555999
rnd-1_family-490	885	302866	342	0.0237521848179376
rnd-1_family-301	1292	302041	234	0.0236874844142119
rnd-5_family-841	782	301545	386	0.0236485857472447
rnd-6_family-208	525	301070	573	0.023611333999645
rnd-5_family-259	522	300087	575	0.0235342424882967
rnd-5_family-1113	742	299801	404	0.0235118130150051
rnd-4_family-548	534	299245	560	0.0234682088641305
rnd-5_family-424	391	298467	763	0.0234071944227988
rnd-4_family-596	702	298167	425	0.0233836670032622
rnd-4_family-47	527	298054	566	0.0233748050085701
rnd-5_family-1493	370	297052	803	0.0232962234273177
rnd-1_family-413	1139	295969	260	0.0232112894427905
rnd-1_family-260	1125	295953	263	0.0232100346470819
rnd-1_family-163	924	295071	319	0.0231408640336442
rnd-5_family-377	416	294833	709	0.0231221989474785
rnd-5_family-441	568	292415	515	0.0229325679460132
rnd-1_family-333	640	292244	457	0.0229191573168773
rnd-6_family-2375	865	290440	336	0.0227776791007304
rnd-5_family-158	798	289208	362	0.0226810598311666
rnd-3_family-115	943	287021	304	0.0225095449427446
rnd-5_family-23	392	286490	731	0.0224679014101647
rnd-5_family-1446	484	286289	592	0.0224521380390752
rnd-1_family-691	542	286156	528	0.0224417075497473
rnd-6_family-588	932	285348	306	0.022378340366462
rnd-4_family-454	1055	284411	270	0.0223048563927759
rnd-1_family-616	355	284151	800	0.0222844659625108
rnd-1_family-585	797	283395	356	0.0222251768652785
rnd-1_family-663	657	282687	430	0.0221696521551721
rnd-5_family-1814	402	282686	703	0.0221695737304403
rnd-5_family-263	458	281972	616	0.0221135784719431
rnd-4_family-1488	444	276452	623	0.0216806739524691
rnd-4_family-881	675	276043	409	0.0216485982371675
rnd-5_family-1105	355	275838	777	0.0216325211671508
rnd-4_family-379	492	275615	560	0.0216150324519619
rnd-5_family-56	398	272975	686	0.0214079911600395
rnd-4_family-554	533	272446	511	0.0213665044769233
rnd-1_family-112	1209	271089	224	0.0212600821158859
rnd-4_family-107	759	270707	357	0.0212301238683426
rnd-4_family-1224	730	270619	371	0.0212232224919452
rnd-1_family-300	1459	269130	184	0.0211064480663117
rnd-1_family-476	594	267933	451	0.0210125736623605
rnd-1_family-497	1192	265568	223	0.0208270991716801
rnd-5_family-1110	415	265047	639	0.0207862398864182
rnd-4_family-779	691	263649	382	0.0206766021113775
rnd-1_family-644	693	262645	379	0.0205978636806615
rnd-1_family-228	485	262548	541	0.020590256481678
rnd-5_family-895	505	262400	520	0.0205786496213733
rnd-6_family-589	310	261484	843	0.0205068125670548
rnd-5_family-1213	591	261085	442	0.020475521099071
rnd-2_family-177	1380	259861	188	0.0203795292273616
rnd-5_family-1362	389	259726	668	0.0203689418885701
rnd-1_family-483	1307	259522	199	0.0203529432432852
rnd-1_family-219	1190	258731	217	0.0202909092804403
rnd-5_family-150	341	258523	758	0.0202745969362282
rnd-5_family-530	614	257495	419	0.0201939763119494
rnd-1_family-566	838	256589	306	0.0201229235049487
rnd-5_family-751	476	256449	539	0.0201119440424983
rnd-6_family-717	304	256141	843	0.0200877892251074
rnd-4_family-997	805	255695	318	0.0200528117947296
rnd-1_family-447	1301	254803	196	0.019982856933974
rnd-5_family-157	416	254090	611	0.0199269401002086
rnd-3_family-190	827	253937	307	0.0199149411162449
rnd-5_family-533	401	253905	633	0.0199124315248277
rnd-5_family-953	382	253797	664	0.0199039616537945
rnd-5_family-1323	488	252029	516	0.0197653067279919
rnd-6_family-168	422	251738	597	0.0197424851310414
rnd-5_family-1197	337	251530	746	0.0197261727868293
rnd-5_family-451	470	250033	532	0.0196087709633416
rnd-6_family-511	1252	249097	199	0.0195353654143873
rnd-1_family-724	511	247960	485	0.0194461964943434
rnd-1_family-110	2134	247464	116	0.0194072978273762
rnd-1_family-339	1019	247094	242	0.0193782806766144
rnd-5_family-195	440	246283	560	0.0193146782191337
rnd-1_family-115	1530	245255	160	0.0192340575948548
rnd-1_family-705	589	245038	416	0.0192170394280567
rnd-1_family-889	434	244720	564	0.0191921003633478
rnd-6_family-284	452	244622	541	0.0191844147396325
rnd-1_family-57	1000	244543	245	0.0191782191858212
rnd-4_family-100	439	243455	555	0.019092893077635
rnd-4_family-380	794	242943	306	0.0190527396149592
rnd-5_family-1662	248	242922	980	0.0190510926955916
rnd-1_family-617	786	242483	309	0.0190166642383363
rnd-5_family-336	599	242208	404	0.0189950974370944
rnd-1_family-729	568	241690	426	0.0189544734260278
rnd-1_family-640	785	241654	308	0.0189516501356835
rnd-1_family-630	460	241286	525	0.0189227898343852
rnd-4_family-11	839	240341	286	0.0188486784628448
rnd-1_family-537	836	239658	287	0.0187951143710331
rnd-5_family-1132	319	238848	749	0.0187315903382842
rnd-1_family-504	579	238530	412	0.0187066512735753
rnd-6_family-428	1227	237854	194	0.0186536361548861
rnd-4_family-674	399	237607	596	0.0186342652461343
rnd-1_family-424	437	237564	544	0.0186308929826674
rnd-1_family-561	489	237149	485	0.018598346718975
rnd-6_family-295	364	236905	651	0.0185792110844186
rnd-4_family-784	682	236414	347	0.0185407045411103
rnd-6_family-1259	315	236366	750	0.0185369401539844
rnd-5_family-1082	435	235561	542	0.0184738082448945
rnd-6_family-318	258	234672	910	0.0184040886583343
rnd-4_family-1297	782	234392	300	0.0183821297334334
rnd-4_family-45	556	233921	421	0.0183451916847609
rnd-1_family-189	1334	231343	173	0.0181430127262094
rnd-4_family-206	652	230301	353	0.0180612941556855
rnd-5_family-1432	390	229766	589	0.0180193369241786
rnd-1_family-539	513	229304	447	0.0179831046980921
rnd-6_family-1640	435	229081	527	0.0179656159829032
rnd-5_family-681	273	228145	836	0.017892210433949
rnd-5_family-292	591	227305	385	0.0178263336592464
rnd-5_family-805	518	226158	437	0.0177363804918847
rnd-1_family-19	793	224965	284	0.0176428197868607
rnd-1_family-107	994	224903	226	0.0176379574534898
rnd-5_family-15	442	224209	507	0.0175835306896284
rnd-6_family-221	448	224177	500	0.0175810210982111
rnd-1_family-500	406	223665	551	0.0175408676355353
rnd-5_family-1412	435	221859	510	0.0173992325699247
rnd-1_family-593	958	221554	231	0.0173753130267292
rnd-1_family-488	306	220013	719	0.0172544605150427
rnd-5_family-521	458	218997	478	0.0171747809875453
rnd-4_family-79	1572	218235	139	0.0171150213419222
rnd-6_family-1227	306	218168	713	0.0171097668848924
rnd-5_family-1084	293	217372	742	0.0170473407983885
rnd-5_family-946	695	216678	312	0.0169929140345271
rnd-5_family-750	352	216662	616	0.0169916592388185
rnd-3_family-13	820	216019	263	0.0169412321362783
rnd-5_family-791	355	215739	608	0.0169192732113775
rnd-5_family-880	618	214098	346	0.0167905782265121
rnd-5_family-311	248	214067	863	0.0167881470598267
rnd-6_family-429	821	213280	260	0.0167264267959089
rnd-1_family-109	483	213250	442	0.0167240740539552
rnd-5_family-163	221	213132	964	0.0167148199356042
rnd-5_family-690	1037	211053	204	0.0165517749182153
rnd-5_family-952	319	209284	656	0.016413041567681
rnd-1_family-55	1475	208797	142	0.0163748487232998
rnd-6_family-155	405	208188	514	0.0163270880616405
rnd-1_family-158	1190	208176	175	0.016326146964859
rnd-4_family-235	1225	208108	170	0.0163208140830974
rnd-1_family-350	516	208087	403	0.0163191671637298
rnd-5_family-795	489	207945	425	0.0163080308518158
rnd-5_family-675	1436	207397	144	0.0162650540987956
rnd-5_family-1103	501	205733	411	0.016134555345099
rnd-6_family-476	235	204356	870	0.0160265644894259
rnd-5_family-330	358	203156	567	0.0159324548112794
rnd-1_family-354	739	202847	274	0.0159082215691566
rnd-5_family-40	411	202687	493	0.0158956736120704
rnd-5_family-1505	359	201809	562	0.0158268166975599
rnd-6_family-1233	313	201434	644	0.0157974074231391
rnd-4_family-341	707	201314	285	0.0157879964553245
rnd-1_family-26	1342	200741	150	0.0157430590840095
rnd-1_family-751	478	198951	416	0.0156026788141076
rnd-5_family-651	726	198905	274	0.0155990712764453
rnd-1_family-668	303	197832	653	0.015514921539236
rnd-1_family-841	260	197550	760	0.0154928057648715
rnd-5_family-438	352	197421	561	0.0154826889744708
rnd-5_family-378	420	197357	470	0.0154776697916363
rnd-1_family-843	516	197121	382	0.0154591615549342
rnd-6_family-89	633	196597	311	0.0154180669954768
rnd-1_family-587	890	193101	217	0.0151438941331433
rnd-5_family-362	289	192481	666	0.0150952707994343
rnd-1_family-876	500	192382	385	0.0150875067509872
rnd-5_family-77	480	191999	400	0.0150574700787121
rnd-4_family-697	396	191526	484	0.015020375180576
rnd-1_family-456	1010	191054	189	0.0149833587071717
rnd-5_family-337	540	190405	353	0.0149324610562408
rnd-5_family-1920	388	190176	490	0.0149145017926611
rnd-5_family-1338	269	189968	706	0.0148981894484491
rnd-5_family-323	528	189281	358	0.0148443116577102
rnd-4_family-499	711	187626	264	0.0147145187265998
rnd-5_family-918	224	187561	837	0.0147094211190335
rnd-4_family-92	441	187345	425	0.0146924813769671
rnd-5_family-2143	303	187177	618	0.0146793060220266
rnd-5_family-294	297	187065	630	0.0146705224520663
rnd-4_family-1601	515	185816	361	0.0145725699620621
rnd-3_family-792	676	185260	274	0.0145289658111876
rnd-1_family-70	490	184247	376	0.0144495215578855
rnd-5_family-119	596	184100	309	0.0144379931223126
rnd-1_family-487	631	181798	288	0.0142574593897348
rnd-1_family-216	816	181489	222	0.0142332261476121
rnd-4_family-204	505	180616	358	0.0141647613567605
rnd-1_family-203	988	179559	182	0.0140818664152598
rnd-5_family-1025	281	179524	639	0.0140791215496472
rnd-6_family-2789	258	176394	684	0.0138336521391483
rnd-5_family-959	579	176381	305	0.0138326326176351
rnd-4_family-31	693	176318	254	0.0138276918595324
rnd-4_family-130	496	176184	355	0.0138171829454727
rnd-5_family-271	608	175838	289	0.0137900479882738
rnd-1_family-343	284	175099	617	0.0137320921114819
rnd-5_family-2507	359	174189	485	0.0136607256055541
rnd-1_family-397	494	174151	353	0.0136577454657461
rnd-1_family-494	517	173662	336	0.0136193957719014
rnd-5_family-1091	321	172311	537	0.0135134439592548
rnd-5_family-1916	187	172117	920	0.0134982295612877
rnd-1_family-759	460	171115	372	0.0134196479800354
rnd-1_family-851	462	171048	370	0.0134143935230055
rnd-6_family-244	275	170779	621	0.0133932972701544
rnd-5_family-661	286	170466	596	0.0133687503291045
rnd-1_family-395	355	169884	479	0.0133231071352034
rnd-5_family-148	277	169670	613	0.0133063242426006
rnd-4_family-23	554	169424	306	0.0132870317585806
rnd-1_family-642	827	169015	204	0.013254956043279
rnd-1_family-906	262	168498	643	0.0132144104569442
rnd-6_family-321	327	168496	515	0.0132142536074806
rnd-5_family-97	403	167519	416	0.013137632644523
rnd-5_family-837	229	167503	731	0.0131363778488144
rnd-1_family-553	898	167190	186	0.0131118309077645
rnd-4_family-352	799	167168	209	0.0131101055636651
rnd-6_family-834	393	166762	424	0.0130782651225589
rnd-4_family-735	628	166213	265	0.0130352099448068
rnd-1_family-375	406	166184	409	0.013032935627585
rnd-5_family-986	222	164554	741	0.0129051033147693
rnd-1_family-146	836	164478	197	0.0128991430351533
rnd-6_family-54	249	163869	658	0.012851382373494
rnd-5_family-1292	439	163277	372	0.012804954932275
rnd-5_family-669	239	163083	682	0.012789740534308
rnd-5_family-2505	342	162594	475	0.0127513908404633
rnd-4_family-624	387	161923	418	0.012698767845433
rnd-5_family-1068	383	161387	421	0.0126567321891942
rnd-5_family-359	309	160662	520	0.0125998742586474
rnd-5_family-694	457	160495	351	0.0125867773284387
rnd-1_family-36	619	158513	256	0.0124313395100333
rnd-5_family-2636	529	158312	299	0.0124155761389438
rnd-4_family-871	544	157848	290	0.0123791870633938
rnd-5_family-520	470	157578	335	0.0123580123858108
rnd-1_family-338	264	157025	595	0.0123146435091316
rnd-1_family-320	392	156877	400	0.0123030366488269
rnd-5_family-420	527	156111	296	0.0122429633042767
rnd-5_family-254	699	155158	222	0.012168224534882
rnd-1_family-256	461	153346	333	0.0120261189208807
rnd-1_family-232	574	153259	267	0.0120192959692151
rnd-1_family-862	438	152933	349	0.011993729506652
rnd-5_family-2741	215	152719	710	0.0119769466140492
rnd-1_family-166	475	152209	320	0.0119369500008369
rnd-5_family-220	747	152118	204	0.0119298133502441
rnd-1_family-31	519	150994	291	0.0118416639517136
rnd-5_family-1421	443	149002	336	0.0116854418859903
rnd-5_family-53	382	148562	389	0.0116509350040033
rnd-1_family-316	760	148371	195	0.0116359558802316
rnd-5_family-544	517	147934	286	0.0116016842724399
rnd-6_family-643	206	147928	718	0.0116012137240492
rnd-1_family-272	421	147862	351	0.0115960376917511
rnd-1_family-806	354	147771	417	0.0115889010411583
rnd-4_family-1287	343	147518	430	0.0115690595840158
rnd-6_family-590	217	146986	677	0.0115273376267042
rnd-5_family-657	640	146607	229	0.0114976146533562
rnd-5_family-304	250	146347	585	0.0114772242230911
rnd-4_family-1937	327	145240	444	0.011390408045001
rnd-5_family-266	211	144781	686	0.0113544110931099
rnd-1_family-664	594	144628	243	0.0113424121091462
rnd-1_family-867	615	144367	235	0.0113219432541494
rnd-4_family-391	618	144314	234	0.0113177867433646
rnd-6_family-1721	840	144295	172	0.0113162966734606
rnd-6_family-167	310	144130	465	0.0113033565927154
rnd-5_family-188	350	143469	410	0.0112515178450031
rnd-5_family-966	418	143156	342	0.0112269709039532
rnd-5_family-506	263	142894	543	0.0112064236242245
rnd-5_family-369	959	142794	149	0.0111985811510456
rnd-5_family-2708	210	142760	680	0.0111959147101648
rnd-1_family-961	277	142257	514	0.0111564670700751
rnd-5_family-1682	476	142132	299	0.0111466639786015
rnd-5_family-892	258	142072	551	0.0111419584946941
rnd-5_family-408	207	140703	680	0.0110345950368753
rnd-1_family-592	770	140128	182	0.0109895008160968
rnd-1_family-741	436	139773	321	0.0109616600363118
rnd-6_family-239	301	139112	462	0.0109098212885994
rnd-6_family-191	167	137550	824	0.0107873218575453
rnd-1_family-782	476	137156	288	0.0107564225132206
rnd-5_family-1341	459	137110	299	0.0107528149755583
rnd-6_family-16	803	137056	171	0.0107485800400417
rnd-5_family-1330	191	136388	714	0.0106961923192068
rnd-4_family-371	890	136160	153	0.0106783114803589
rnd-5_family-2138	452	135476	300	0.0106246689638154
rnd-1_family-321	551	135096	245	0.0105948675657357
rnd-6_family-940	306	134879	441	0.0105778493989375
rnd-5_family-1243	430	134832	314	0.0105741634365435
rnd-6_family-47	587	134659	229	0.010560595957944
rnd-1_family-525	778	134462	173	0.0105451462857816
rnd-6_family-945	329	134140	408	0.0105198935221456
rnd-5_family-495	808	133505	165	0.0104700938174598
rnd-1_family-194	1092	133229	122	0.0104484485914861
rnd-5_family-243	264	133094	504	0.0104378612526946
rnd-5_family-668	344	132833	386	0.0104173923976977
rnd-5_family-1675	402	132740	330	0.0104100988976413
rnd-4_family-1159	459	132090	288	0.0103591228219786
rnd-1_family-183	909	131013	144	0.0102746593858421
rnd-1_family-237	690	130892	190	0.0102651699932957
rnd-6_family-942	227	129228	569	0.0101346712395992
rnd-1_family-491	869	128090	147	0.0100454238948236
rnd-5_family-471	372	127907	344	0.0100310721689062
rnd-1_family-255	604	127720	211	0.0100164067440617
rnd-1_family-718	653	127496	195	0.00999883960414103
rnd-5_family-1311	211	127099	602	0.00996770498562089
rnd-2_family-16	995	127099	128	0.00996770498562089
rnd-1_family-764	524	126896	242	0.00995178476506777
rnd-1_family-555	445	125986	283	0.00988041825913999
rnd-5_family-28	215	125915	586	0.00987485010318299
rnd-5_family-96	512	125858	246	0.00987037989347103
rnd-6_family-364	335	124682	372	0.00977815240888744
rnd-6_family-1334	207	124340	601	0.00975133115061568
rnd-5_family-24	230	124191	540	0.00973964586557915
rnd-1_family-850	248	123718	499	0.00970255096744306
rnd-5_family-186	272	123169	453	0.00965949578969103
rnd-3_family-12	582	122710	211	0.00962349883779998
rnd-1_family-629	381	122557	322	0.0096114998538363
rnd-5_family-48	280	122235	437	0.00958624709020031
rnd-1_family-433	562	122163	217	0.00958060050951152
rnd-4_family-728	489	121959	249	0.00956460186422662
rnd-1_family-468	255	121764	478	0.0095493090415278
rnd-1_family-775	177	121650	687	0.00954036862210388
rnd-1_family-573	634	121534	192	0.00953127135321639
rnd-1_family-419	578	121066	209	0.00949456857873924
rnd-5_family-989	120	121057	1009	0.00949386275615314
rnd-1_family-801	553	120425	218	0.00944429832566264
rnd-5_family-2110	269	119286	443	0.00935497255615523
rnd-5_family-1395	151	118947	788	0.00932838657207884
rnd-5_family-418	361	118612	329	0.0093021142869296
rnd-5_family-747	269	117927	438	0.00924839334565429
rnd-6_family-326	895	117630	131	0.00922510120031303
rnd-5_family-66	512	117548	230	0.00921867037230635
rnd-5_family-2365	414	115941	280	0.0090926418283218
rnd-6_family-822	981	115671	118	0.00907146715073883
rnd-1_family-673	642	115583	180	0.00906456577434142
rnd-4_family-186	479	115417	241	0.00905154726886448
rnd-1_family-387	346	115287	333	0.00904135205373194
rnd-1_family-877	392	114955	293	0.00901531504277807
rnd-4_family-848	468	114929	246	0.00901327599975156
rnd-5_family-1313	141	114601	813	0.00898755268772484
rnd-4_family-1343	526	114560	218	0.0089843372737215
rnd-5_family-435	256	114370	447	0.00896943657468164
rnd-5_family-368	290	113777	392	0.0089229307087309
rnd-1_family-250	983	113623	116	0.00891085330003543
rnd-6_family-397	298	113113	380	0.00887085668682316
rnd-5_family-246	205	112891	551	0.00885344639636605
rnd-1_family-448	230	112497	489	0.00882254705204127
rnd-1_family-518	434	112479	259	0.00882113540686907
rnd-5_family-193	384	111212	290	0.0087217712716927
rnd-6_family-61	898	110143	123	0.00863793523341051
rnd-6_family-673	175	108996	623	0.00854798206604879
rnd-6_family-273	156	108858	698	0.00853715945306194
rnd-5_family-687	354	108748	307	0.00852853273256517
rnd-5_family-2170	309	108464	351	0.00850626010873716
rnd-1_family-533	255	108314	425	0.00849449639896885
rnd-5_family-2296	333	108037	324	0.00847277274826336
rnd-1_family-206	814	108025	133	0.00847183165148189
rnd-6_family-247	166	107438	647	0.00842579633392188
rnd-6_family-1047	157	106708	680	0.00836854627971608
rnd-6_family-320	245	106600	435	0.0083600764086829
rnd-5_family-1156	379	106592	281	0.00835944901082858
rnd-1_family-784	479	106548	222	0.00835599832262988
rnd-5_family-1190	308	106366	345	0.00834172502144432
rnd-5_family-496	275	106245	386	0.00833223562889788
rnd-5_family-453	330	105838	321	0.00830031676305985
rnd-1_family-671	467	105762	226	0.00829435648344391
rnd-5_family-305	268	105607	394	0.00828220065001665
rnd-1_family-749	441	105123	238	0.00824424307983088
rnd-4_family-551	410	104994	256	0.00823412628943013
rnd-4_family-432	353	104703	297	0.0082113046924796
rnd-1_family-697	283	104212	368	0.00817279814917131
rnd-5_family-672	327	103788	317	0.00813954606289287
rnd-6_family-1888	268	103690	387	0.00813186043917757
rnd-1_family-404	480	103524	216	0.00811884193370064
rnd-4_family-475	266	103159	388	0.00809021690659774
rnd-5_family-1351	182	103072	566	0.00808339395493211
rnd-1_family-254	581	102967	177	0.00807515935809429
rnd-6_family-1210	148	102523	693	0.00804033877718008
rnd-4_family-157	346	102200	295	0.00801500758881231
rnd-5_family-112	283	102083	361	0.00800583189519302
rnd-1_family-711	272	101139	372	0.00793179894838442
rnd-1_family-758	484	100580	208	0.0078879595233145
rnd-5_family-270	404	100566	249	0.00788686157706946
rnd-1_family-185	690	100430	146	0.00787619581354618
rnd-4_family-127	415	100098	241	0.00785015880259231
rnd-5_family-652	627	100070	160	0.00784796291010223
rnd-6_family-55	216	99994	463	0.00784200263048628
rnd-5_family-238	338	99900	296	0.00783463070569813
rnd-1_family-408	673	99541	148	0.00780647622698597
rnd-1_family-878	334	99396	298	0.00779510464087659
rnd-6_family-233	377	99110	263	0.00777267516758501
rnd-5_family-421	353	98834	280	0.00775102994161131
rnd-5_family-80	284	98355	346	0.00771346449508449
rnd-4_family-340	305	98208	322	0.00770193605951154
rnd-1_family-937	320	98102	307	0.00769362303794193
rnd-1_family-407	254	97460	384	0.00764327436013354
rnd-5_family-25	339	97175	287	0.00762092331157374
rnd-1_family-679	271	96990	358	0.00760641473619281
rnd-5_family-640	531	96938	183	0.0076023366501398
rnd-4_family-427	398	96706	243	0.0075841421123648
rnd-5_family-114	290	96475	333	0.0075660259993216
rnd-5_family-212	290	96352	332	0.00755637975731158
rnd-1_family-298	635	95663	151	0.00750234511710911
rnd-6_family-231	172	94261	548	0.00739239364314126
rnd-6_family-41	231	94182	408	0.00738619808932995
rnd-6_family-21	131	94101	718	0.00737984568605506
rnd-5_family-597	437	93845	215	0.00735976895471713
rnd-4_family-1026	313	93765	300	0.00735349497617403
rnd-1_family-450	170	93355	549	0.00732134083614063
rnd-1_family-382	209	93324	447	0.00731890966945518
rnd-1_family-680	482	93291	194	0.00731632165330615
rnd-5_family-748	309	93233	302	0.00731177301886241
rnd-1_family-162	629	93193	148	0.00730863602959085
rnd-4_family-29	725	92817	128	0.00727914833043828
rnd-5_family-621	176	92716	527	0.00727122743252761
rnd-5_family-1584	262	92621	354	0.00726377708300768
rnd-1_family-475	512	92428	181	0.00724864110977244
rnd-1_family-686	542	92280	170	0.00723703424946771
rnd-1_family-563	183	92053	503	0.00721923183535166
rnd-5_family-1808	217	91855	423	0.00720370373845748
rnd-5_family-367	313	91817	293	0.00720072359864951
rnd-2_family-116	656	91802	140	0.00719954722767267
rnd-5_family-1094	255	91769	360	0.00719695921152364
rnd-1_family-827	454	91379	201	0.00716637356612602
rnd-5_family-975	794	91257	115	0.00715680574884779
rnd-6_family-1332	158	91216	577	0.00715359033484446
rnd-5_family-1810	298	91212	306	0.0071532766359173
rnd-1_family-95	279	90991	326	0.00713594477019198
rnd-5_family-1556	208	90984	437	0.00713539579706946
rnd-5_family-470	304	90659	298	0.00710990775923811
rnd-5_family-160	228	90494	397	0.00709696767849296
rnd-1_family-714	258	90473	351	0.0070953207591254
rnd-1_family-676	436	90091	207	0.00706536251158209
rnd-6_family-829	123	89761	730	0.00703948235009179
rnd-6_family-1275	234	89683	383	0.00703336522101227
rnd-1_family-385	264	89465	339	0.00701626862948232
rnd-5_family-1728	231	89446	387	0.00701477855957833
rnd-5_family-67	363	89376	246	0.00700928882835312
rnd-5_family-1210	198	89148	450	0.00699140798950528
rnd-1_family-444	285	89143	313	0.00699101586584633
rnd-1_family-908	176	88826	505	0.00696615522586929
rnd-4_family-328	267	88735	332	0.00695901857527652
rnd-1_family-938	247	88250	357	0.00692098258035896
rnd-5_family-309	196	88039	449	0.00690443496195153
rnd-1_family-328	675	88016	130	0.00690263119312039
rnd-5_family-518	391	87728	224	0.00688004487036522
rnd-4_family-268	475	87500	184	0.00686216403151738
rnd-6_family-1324	176	87366	496	0.00685165511745769
rnd-3_family-26	564	87362	155	0.00685134141853053
rnd-5_family-125	362	86868	240	0.00681259960102688
rnd-4_family-330	524	86846	166	0.00681087425692753
rnd-5_family-1402	184	85978	467	0.00674280158973488
rnd-6_family-2673	154	85183	553	0.0066804539279628
rnd-1_family-796	319	84868	266	0.00665575013744934
rnd-5_family-475	295	84702	287	0.00664273163197241
rnd-1_family-574	275	84681	308	0.00664108471260484
rnd-1_family-242	626	84675	135	0.00664061416421411
rnd-5_family-1804	217	84228	388	0.00660555830910453
rnd-5_family-1919	139	83646	602	0.00655991511520347
rnd-6_family-1362	233	83583	359	0.00655497435710077
rnd-1_family-638	432	83554	193	0.0065527000398789
rnd-5_family-793	296	83485	282	0.00654728873338547
rnd-4_family-178	409	83428	204	0.00654281852367351
rnd-1_family-731	403	83237	207	0.00652783939990186
rnd-5_family-1086	317	83138	262	0.00652007535145477
rnd-1_family-700	423	82558	195	0.00647458900701728
rnd-6_family-330	124	81985	661	0.00642965163570232
rnd-1_family-135	358	81890	229	0.00642220128618238
rnd-1_family-262	831	81849	98	0.00641898587217905
rnd-5_family-320	657	81733	124	0.00640988860329155
rnd-1_family-891	384	81500	212	0.00639161564078477
rnd-1_family-266	690	81471	118	0.00638934132356289
rnd-5_family-1565	223	81421	365	0.00638542008697345
rnd-1_family-526	617	81374	132	0.00638173412457938
rnd-1_family-108	191	81113	425	0.00636126526958251
rnd-1_family-909	267	80983	303	0.00635107005444997
rnd-5_family-560	497	80845	163	0.00634024744146312
rnd-5_family-27	125	80624	645	0.0063229155757378
rnd-1_family-538	220	80530	366	0.00631554365094966
rnd-1_family-804	349	80470	231	0.00631083816704233
rnd-6_family-1706	160	80397	502	0.00630511316162175
rnd-1_family-458	625	80297	128	0.00629727068844287
rnd-5_family-85	313	79901	255	0.00626621449465452
rnd-1_family-757	467	79619	170	0.00624409872029009
rnd-6_family-278	351	79218	226	0.00621265040284279
rnd-5_family-596	262	79211	302	0.00621210142972027
rnd-5_family-714	142	78705	554	0.00617241851543515
rnd-5_family-546	214	78493	367	0.00615579247229593
rnd-1_family-603	459	78306	171	0.00614112704745143
rnd-5_family-1586	261	78230	300	0.00613516676783549
rnd-6_family-580	115	77809	677	0.00610214995575241
rnd-6_family-549	179	76810	429	0.00602380364869543
rnd-1_family-140	597	76770	129	0.00602066665942388
rnd-6_family-213	203	76090	375	0.00596733784180752
rnd-6_family-1216	146	75864	520	0.00594961385242326
rnd-6_family-662	163	75731	465	0.00593918336309535
rnd-6_family-864	135	75704	561	0.00593706589533705
rnd-1_family-795	245	75169	307	0.00589510866383006
rnd-3_family-91	364	75039	206	0.00588491344869752
rnd-5_family-1316	185	75019	406	0.00588334495406175
rnd-5_family-2037	235	74975	319	0.00587989426586304
rnd-6_family-1045	273	74465	273	0.00583989765265077
rnd-6_family-331	216	74329	344	0.00582923188912749
rnd-5_family-812	359	73982	206	0.00580201850719679
rnd-1_family-544	526	73791	140	0.00578703938342514
rnd-1_family-239	480	73563	153	0.0057691585445773
rnd-6_family-611	346	73218	212	0.00574210201211017
rnd-5_family-1051	264	73096	277	0.00573253419483194
rnd-5_family-1407	332	72960	220	0.00572186843130867
rnd-1_family-528	566	72639	128	0.00569669409240447
rnd-1_family-802	133	72624	546	0.00569551772142764
rnd-1_family-314	226	72397	320	0.00567771530731159
rnd-6_family-1029	192	72043	375	0.00564995295225836
rnd-5_family-241	249	71868	289	0.00563622862419533
rnd-6_family-1094	238	71740	301	0.00562619025852637
rnd-1_family-769	248	71702	289	0.00562321011871839
rnd-5_family-1478	249	71552	287	0.00561144640895008
rnd-5_family-755	343	71279	208	0.00559003645717174
rnd-1_family-133	436	70912	163	0.00556125458060527
rnd-1_family-296	219	70697	323	0.00554439326327068
rnd-1_family-465	157	70632	450	0.00553929565570441
rnd-1_family-524	330	70482	214	0.0055275319459361
rnd-1_family-477	251	70371	280	0.00551882680070754
rnd-5_family-846	215	70066	326	0.00549490725751197
rnd-1_family-949	252	70012	278	0.00549067232199537
rnd-5_family-183	237	69989	295	0.00548886855316423
rnd-1_family-175	711	69746	98	0.00546981134333956
rnd-1_family-805	468	69004	147	0.00541162019235229
rnd-5_family-389	292	68803	236	0.00539585682126275
rnd-6_family-214	214	68271	319	0.00535413486395112
rnd-1_family-733	414	67779	164	0.00531554989591105
rnd-6_family-2368	138	67404	488	0.00528614062149026
rnd-5_family-143	286	67145	235	0.00526582861595697
rnd-1_family-943	295	66554	226	0.00521947959946981
rnd-6_family-2964	226	66186	293	0.00519061929817154
rnd-5_family-232	318	66058	208	0.00518058093250258
rnd-5_family-947	231	66048	286	0.00517979668518469
rnd-5_family-577	470	65813	140	0.00516136687321433
rnd-1_family-895	237	65184	275	0.00511203771691919
rnd-1_family-639	164	65128	397	0.00510764593193902
rnd-6_family-2568	141	64332	456	0.00504521984543516
rnd-1_family-443	386	64155	166	0.00503133866790855
rnd-6_family-33	113	64146	568	0.00503063284532245
rnd-5_family-111	182	64118	352	0.00502843695283236
rnd-1_family-481	153	63966	418	0.00501651639360047
rnd-6_family-640	185	63766	345	0.00500083144724272
rnd-1_family-130	351	63597	181	0.00498757766757041
rnd-6_family-343	165	63556	385	0.00498436225356707
rnd-1_family-742	400	63084	158	0.00494734578016277
rnd-6_family-1471	133	63007	474	0.00494130707581504
rnd-1_family-151	735	63006	86	0.00494122865108325
rnd-5_family-1666	302	62767	208	0.00492248514018573
rnd-6_family-1457	97	62708	646	0.0049178580810102
rnd-1_family-113	298	62437	210	0.00489660497869544
rnd-1_family-590	430	62398	145	0.00489354641415568
rnd-5_family-76	277	62220	225	0.00487958681189728
rnd-6_family-1136	196	62167	317	0.00487543030111247
rnd-5_family-1121	216	61830	286	0.00484900116649966
rnd-5_family-899	302	61785	205	0.00484547205356916
rnd-1_family-914	293	61198	209	0.00479943673600915
rnd-6_family-1067	175	60689	347	0.00475951854752867
rnd-1_family-864	202	60532	300	0.00474720586463783
rnd-1_family-771	206	60333	293	0.00473159934301187
rnd-1_family-308	466	60144	129	0.00471677706870379
rnd-5_family-655	228	59810	262	0.00469058320828634
rnd-1_family-357	223	59746	268	0.00468556402545186
rnd-6_family-955	177	59557	336	0.00467074175114378
rnd-5_family-429	226	59220	262	0.00464431261653097
rnd-1_family-690	376	59064	157	0.00463207835837192
rnd-1_family-355	221	59037	267	0.00462996089061362
rnd-5_family-155	159	58636	369	0.00459851257316633
rnd-1_family-893	198	58329	295	0.00457443618050717
rnd-1_family-152	137	58222	425	0.00456604473420577
rnd-1_family-812	178	57805	325	0.00453334162104986
rnd-4_family-669	239	57255	240	0.00449020801856603
rnd-1_family-820	345	56680	164	0.00444511379778749
rnd-1_family-293	229	56544	247	0.00443444803426422
rnd-1_family-732	474	56172	119	0.00440527403403879
rnd-6_family-3029	131	56112	428	0.00440056855013147
rnd-6_family-1440	201	56059	279	0.00439641203934666
rnd-5_family-1891	208	55930	269	0.00438629524894591
rnd-1_family-164	205	55925	273	0.00438590312528697
rnd-1_family-633	304	55903	184	0.00438417778118762
rnd-1_family-879	208	55780	268	0.0043745315391776
rnd-6_family-308	158	54690	346	0.00428904858152784
rnd-1_family-62	307	54451	177	0.00427030507063032
rnd-5_family-1411	145	54329	375	0.00426073725335209
rnd-1_family-656	254	54275	214	0.0042565023178355
rnd-5_family-2006	176	54269	308	0.00425603176944477
rnd-4_family-122	193	54209	281	0.00425132628553744
rnd-4_family-209	261	53974	207	0.00423289647356708
rnd-1_family-637	420	53953	128	0.00423124955419951
rnd-4_family-538	344	53848	157	0.00422301495736169
rnd-1_family-274	118	53730	455	0.00421376083901062
rnd-1_family-614	135	53655	397	0.00420787898412646
rnd-5_family-296	194	53456	276	0.0041922724625005
rnd-5_family-106	140	53092	379	0.00416372586012938
rnd-4_family-76	305	52823	173	0.0041426296072782
rnd-1_family-428	312	52760	169	0.00413768884917551
rnd-6_family-1725	119	52500	441	0.00411729841891043
rnd-1_family-739	158	52471	332	0.00411502410168856
rnd-6_family-220	135	52372	388	0.00410726005324147
rnd-6_family-164	134	52011	388	0.00407894872506572
rnd-1_family-221	111	51806	467	0.00406287165504902
rnd-1_family-649	247	51317	208	0.00402452196120432
rnd-1_family-190	277	51084	184	0.00400624899869753
rnd-4_family-226	288	50903	177	0.00399205412224377
rnd-1_family-463	564	49765	88	0.00390280677746814
rnd-1_family-469	269	49712	185	0.00389865026668334
rnd-5_family-218	154	49706	323	0.00389817971829261
rnd-1_family-945	201	49669	247	0.00389527800321642
rnd-5_family-315	214	49566	232	0.00388720025584218
rnd-6_family-473	165	49488	300	0.00388108312676266
rnd-1_family-521	172	49470	288	0.00387967148159046
rnd-4_family-154	138	48684	353	0.00381802964240448
rnd-6_family-510	273	48651	178	0.00381544162625545
rnd-5_family-140	146	48504	332	0.00380391319068251
rnd-5_family-2381	169	48402	286	0.00379591386804005
rnd-1_family-684	361	48247	134	0.00378375803461279
rnd-1_family-816	223	48060	216	0.00376909260976829
rnd-6_family-908	187	47468	254	0.00372266516854934
rnd-1_family-824	240	46500	194	0.00364675002817781
rnd-1_family-815	400	46337	116	0.00363396679689624
rnd-5_family-988	115	46309	403	0.00363177090440616
rnd-1_family-899	286	46149	161	0.00361922294731995
rnd-1_family-701	300	46144	154	0.00361883082366101
rnd-1_family-940	234	46050	197	0.00361145889887286
rnd-6_family-67	175	45904	262	0.0036000088880317
rnd-4_family-298	182	45635	251	0.00357891263518052
rnd-1_family-340	187	45477	243	0.0035665215275579
rnd-4_family-1109	258	45110	175	0.00353773965099142
rnd-5_family-92	171	44995	263	0.00352872080683571
rnd-1_family-852	334	44986	135	0.00352801498424961
rnd-4_family-212	259	44939	174	0.00352432902185554
rnd-5_family-355	150	44684	298	0.0035043307152494
rnd-1_family-928	217	44443	205	0.00348543035488831
rnd-1_family-740	327	44383	136	0.00348072487098098
rnd-5_family-510	223	44345	199	0.00347774473117301
rnd-1_family-540	122	43731	358	0.00342959194585471
rnd-5_family-277	146	43515	298	0.00341265220378833
rnd-1_family-277	105	43446	414	0.00340724089729491
rnd-1_family-396	141	43389	308	0.00340277068758295
rnd-1_family-273	122	43224	354	0.0033898306068378
rnd-1_family-501	132	43172	327	0.00338575252078478
rnd-1_family-709	352	42944	122	0.00336787168193694
rnd-5_family-1702	261	42672	163	0.0033465401548904
rnd-5_family-349	205	42636	208	0.003343716864546
rnd-1_family-674	242	42626	176	0.00334293261722811
rnd-1_family-291	92	42377	461	0.00332340485901271
rnd-6_family-801	130	41965	323	0.00329109386951574
rnd-1_family-692	286	41704	146	0.00327062501451887
rnd-1_family-391	138	41689	302	0.00326944864354204
rnd-5_family-924	291	41437	142	0.00324968561113127
rnd-1_family-955	221	41307	187	0.00323949039599873
rnd-6_family-583	138	41250	299	0.00323502018628677
rnd-4_family-248	427	41099	96	0.00322317805178666
rnd-5_family-317	184	41065	223	0.00322051161090584
rnd-1_family-655	345	41049	119	0.00321925681519722
rnd-5_family-139	139	40664	293	0.00318906329345855
rnd-5_family-754	163	40325	247	0.00316247730938215
rnd-6_family-572	191	40274	211	0.00315847764806093
rnd-6_family-249	186	40263	216	0.00315761497601125
rnd-1_family-97	271	40065	148	0.00314208687911707
rnd-1_family-142	212	39692	187	0.00311283445415986
rnd-1_family-826	296	39612	134	0.00310656047561676
rnd-1_family-154	144	39378	273	0.00308820908837819
rnd-1_family-706	209	39303	188	0.00308232723349403
rnd-1_family-887	227	39296	173	0.00308177826037151
rnd-1_family-179	474	39284	83	0.00308083716359005
rnd-5_family-526	132	38963	295	0.00305566282468585
rnd-6_family-896	195	38846	199	0.00304648713106656
rnd-1_family-788	126	38738	307	0.00303801726003338
rnd-1_family-963	248	38592	156	0.00302656724919222
rnd-6_family-398	127	38467	303	0.00301676415771862
rnd-1_family-896	254	38421	151	0.00301315662005634
rnd-1_family-100	190	38349	202	0.00300751003936755
rnd-5_family-713	120	38332	319	0.00300617681892714
rnd-5_family-897	169	38266	226	0.00300100078662908
rnd-1_family-182	319	38167	120	0.00299323673818199
rnd-5_family-712	143	38162	267	0.00299284461452305
rnd-1_family-790	225	38093	169	0.00298743330802962
rnd-5_family-81	154	37733	245	0.00295920040458566
rnd-1_family-958	257	37393	145	0.00293253599577748
rnd-6_family-635	237	37292	157	0.00292461509786682
rnd-6_family-675	77	37153	483	0.00291371406014818
rnd-4_family-60	229	36910	161	0.00289465685032351
rnd-6_family-1751	168	36701	218	0.00287826608137965
rnd-6_family-1090	302	36041	119	0.00282650575839906
rnd-6_family-1018	104	35983	346	0.00282195712395532
rnd-1_family-822	328	35941	110	0.00281866328522019
rnd-6_family-235	150	35837	239	0.00281050711311416
rnd-1_family-417	141	35817	254	0.00280893861847838
rnd-1_family-376	118	35795	303	0.00280721327437903
rnd-1_family-672	262	35390	135	0.00277545125800457
rnd-6_family-1752	182	35286	194	0.00276729508589854
rnd-1_family-409	317	35183	111	0.0027592173385243
rnd-5_family-2	251	35114	140	0.00275380603203087
rnd-6_family-1369	264	35019	133	0.00274635568251094
rnd-6_family-309	144	34963	243	0.00274196389753077
rnd-1_family-648	187	34890	187	0.00273623889211019
rnd-1_family-434	178	34822	196	0.00273090601034855
rnd-5_family-415	205	34367	168	0.00269522275738466
rnd-5_family-400	188	34286	182	0.00268887035410977
rnd-5_family-184	307	34260	112	0.00268683131108326
rnd-6_family-184	122	34134	280	0.00267694979487788
rnd-5_family-1368	144	34124	237	0.00267616554755999
rnd-1_family-51	316	33983	108	0.00266510766037777
rnd-1_family-661	227	33920	149	0.00266016690227508
rnd-1_family-460	241	33829	140	0.0026530302516823
rnd-1_family-734	131	33257	254	0.00260817130509913
rnd-5_family-2557	105	32956	314	0.00258456546083071
rnd-1_family-513	406	32913	81	0.00258119319736379
rnd-5_family-39	108	32864	304	0.00257735038550614
rnd-1_family-612	106	32663	308	0.0025615870144166
rnd-6_family-470	70	32643	466	0.00256001851978082
rnd-6_family-106	133	32583	245	0.0025553130358735
rnd-4_family-32	168	32509	194	0.00254950960572113
rnd-6_family-1649	166	32281	194	0.00253162876687329
rnd-1_family-912	225	32277	143	0.00253131506794613
rnd-1_family-461	239	32195	135	0.00252488423993945
rnd-5_family-1151	118	32083	272	0.00251610066997911
rnd-5_family-2168	134	31837	238	0.00249680818595907
rnd-6_family-2254	97	31677	327	0.00248426022887287
rnd-5_family-464	98	31549	322	0.00247422186320391
rnd-1_family-79	291	31255	107	0.00245116499205801
rnd-1_family-932	145	31215	215	0.00244802800278646
rnd-5_family-2255	152	30989	204	0.0024303040134022
rnd-1_family-874	226	30863	137	0.00242042249719681
rnd-6_family-107	288	30857	107	0.00241995194880608
rnd-1_family-471	168	30669	183	0.00240520809922979
rnd-6_family-571	93	30633	329	0.00240238480888539
rnd-6_family-1058	144	30630	213	0.00240214953469003
rnd-1_family-332	269	30522	113	0.00239367966365684
rnd-5_family-175	223	30490	137	0.0023911700722396
rnd-5_family-641	220	30404	138	0.00238442554530577
rnd-5_family-598	193	30401	158	0.0023841902711104
rnd-6_family-65	76	30331	399	0.00237870053988519
rnd-1_family-186	546	30197	55	0.00236819162582549
rnd-1_family-386	78	29911	383	0.0023457621525339
rnd-1_family-482	105	29641	282	0.00232458747495094
rnd-1_family-299	99	29632	299	0.00232388165236484
rnd-5_family-2838	141	29616	210	0.00232262685665622
rnd-1_family-136	316	29375	93	0.00230372649629512
rnd-5_family-902	181	29346	162	0.00230145217907325
rnd-1_family-502	118	29273	248	0.00229572717365267
rnd-1_family-478	219	29184	133	0.00228874737252347
rnd-1_family-653	82	29018	354	0.00227572886704653
rnd-6_family-189	103	28904	281	0.00226678844762261
rnd-3_family-159	222	28885	130	0.00226529837771862
rnd-5_family-1101	101	28813	285	0.00225965179702983
rnd-5_family-124	147	28556	194	0.00223949664096012
rnd-1_family-202	81	28548	352	0.00223886924310581
rnd-1_family-944	170	28489	168	0.00223424218393027
rnd-1_family-359	94	28209	300	0.00221228325902942
rnd-1_family-681	302	28055	93	0.00220020585033395
rnd-4_family-356	184	27994	152	0.00219542194169483
rnd-1_family-957	187	27958	150	0.00219259865135043
rnd-5_family-1602	131	27836	212	0.0021830308340722
rnd-1_family-853	155	27668	179	0.00216985547913169
rnd-4_family-631	105	27636	263	0.00216734588771445
rnd-6_family-1567	80	27593	345	0.00216397362424753
rnd-1_family-689	151	27541	182	0.00215989553819452
rnd-6_family-1565	73	27491	377	0.00215597430160508
rnd-6_family-2216	102	27336	268	0.00214381846817782
rnd-5_family-2346	67	27053	404	0.0021216242690816
rnd-1_family-621	133	27039	203	0.00212052632283656
rnd-1_family-813	273	27028	99	0.00211966365078688
rnd-1_family-768	199	26970	136	0.00211511501634313
rnd-1_family-345	99	26814	271	0.00210288075818408
rnd-5_family-1669	132	26630	202	0.00208845060753495
rnd-5_family-1980	112	26437	236	0.00207331463429972
rnd-6_family-875	88	26381	300	0.00206892284931954
rnd-1_family-882	172	26332	153	0.00206508003746189
rnd-4_family-22	177	26171	148	0.0020524536556439
rnd-1_family-748	202	26156	129	0.00205127728466707
rnd-1_family-591	229	26132	114	0.00204939509110414
rnd-4_family-844	257	26078	101	0.00204516015558755
rnd-1_family-791	207	25842	125	0.0020266519188854
rnd-1_family-627	93	25716	277	0.00201677040268001
rnd-4_family-134	124	25618	207	0.00200908477896471
rnd-6_family-382	118	25568	217	0.00200516354237527
rnd-1_family-716	247	25288	102	0.00198320461747442
rnd-1_family-426	276	25193	91	0.00197575426795449
rnd-1_family-589	271	24959	92	0.00195740288071591
rnd-5_family-342	122	24856	204	0.00194932513334167
rnd-1_family-577	91	24483	269	0.00192007270838446
rnd-1_family-595	126	24357	193	0.00191019119217907
rnd-1_family-454	118	24319	206	0.0019072110523711
rnd-6_family-1975	136	24129	177	0.00189231035333123
rnd-1_family-515	162	24065	149	0.00188729117049675
rnd-1_family-246	85	24044	283	0.00188564425112919
rnd-1_family-233	147	24001	163	0.00188227198766227
rnd-6_family-1394	78	23947	307	0.00187803705214568
rnd-6_family-2609	171	23912	140	0.00187529218653307
rnd-1_family-643	145	23867	165	0.00187176307360258
rnd-5_family-454	192	23783	124	0.00186517539613232
rnd-1_family-781	253	23743	94	0.00186203840686077
rnd-1_family-556	130	23674	182	0.00185662710036734
rnd-1_family-599	205	23358	114	0.00183184488512209
rnd-1_family-459	80	23346	292	0.00183090378834063
rnd-1_family-435	100	23172	232	0.00181725788500938
rnd-1_family-959	158	23043	146	0.00180714109460863
rnd-1_family-584	121	22991	190	0.00180306300855561
rnd-1_family-754	92	22956	250	0.00180031814294301
rnd-4_family-1310	116	22849	197	0.00179192669664161
rnd-4_family-259	196	22827	116	0.00179020135254226
rnd-1_family-492	81	22740	281	0.00178337840087663
rnd-1_family-602	84	22737	271	0.00178314312668127
rnd-6_family-1127	135	22643	168	0.00177577120189312
rnd-6_family-1262	100	22615	226	0.00177357530940304
rnd-5_family-4380	201	22537	112	0.00176745818032351
rnd-1_family-710	131	22517	172	0.00176588968568774
rnd-5_family-1310	103	22478	218	0.00176283112114797
rnd-5_family-965	69	22429	325	0.00175898830929032
rnd-6_family-261	99	22408	226	0.00175734138992276
rnd-6_family-52	86	22367	260	0.00175412597591942
rnd-1_family-431	101	22219	220	0.00174251911561468
rnd-1_family-886	251	22093	88	0.0017326375994093
rnd-5_family-1390	157	21879	139	0.0017158547068065
rnd-1_family-406	151	21875	145	0.00171554100787935
rnd-6_family-8	110	21873	199	0.00171538415841577
rnd-1_family-30	95	21782	229	0.00170824750782299
rnd-1_family-169	263	21713	83	0.00170283620132957
rnd-5_family-1569	95	21423	226	0.00168009302911082
rnd-1_family-855	197	21372	108	0.00167609336778959
rnd-6_family-993	128	21367	167	0.00167570124413065
rnd-1_family-910	200	21298	106	0.00167028993763723
rnd-1_family-962	123	21286	173	0.00166934884085576
rnd-6_family-186	112	21278	190	0.00166872144300145
rnd-1_family-200	115	21136	184	0.00165758513108744
rnd-1_family-249	150	21119	141	0.00165625191064704
rnd-1_family-918	120	21097	176	0.00165452656654768
rnd-1_family-131	293	21073	72	0.00165264437298475
rnd-1_family-325	190	21038	111	0.00164989950737215
rnd-1_family-550	114	20992	184	0.00164629196970986
rnd-1_family-505	269	20987	78	0.00164589984605092
rnd-1_family-342	175	20958	120	0.00164362552882904
rnd-5_family-1686	128	20945	164	0.00164260600731579
rnd-6_family-2470	46	20701	450	0.00162347037275933
rnd-6_family-2447	115	20297	176	0.00159178678111667
rnd-1_family-675	101	20293	201	0.00159147308218951
rnd-1_family-941	203	20125	99	0.001578297727249
rnd-1_family-356	133	19997	150	0.00156825936158004
rnd-1_family-29	140	19738	141	0.00154794735604674
rnd-1_family-720	241	19696	82	0.00154465351731162
rnd-1_family-362	168	19689	117	0.00154410454418909
rnd-5_family-1052	152	19659	129	0.00154175180223543
rnd-5_family-44	96	19539	204	0.00153234083442078
rnd-1_family-582	80	19523	244	0.00153108603871216
rnd-4_family-1942	248	19299	78	0.00151351889879147
rnd-1_family-921	190	19213	101	0.00150677437185764
rnd-5_family-980	116	19128	165	0.00150010826965559
rnd-1_family-335	61	19112	313	0.00149885347394697
rnd-4_family-886	193	18873	98	0.00148010996304946
rnd-1_family-473	100	18630	186	0.00146105275322479
rnd-1_family-817	187	18530	99	0.00145321028004591
rnd-1_family-666	111	18523	167	0.00145266130692339
rnd-1_family-81	77	18463	240	0.00144795582301606
rnd-1_family-761	135	18463	137	0.00144795582301606
rnd-1_family-552	62	18397	297	0.001442779790718
rnd-1_family-730	103	18390	179	0.00144223081759548
rnd-5_family-505	179	18383	103	0.00144168184447296
rnd-1_family-159	196	18227	93	0.00142944758631391
rnd-1_family-91	92	18118	197	0.00142089929054894
rnd-1_family-371	86	18098	210	0.00141933079591316
rnd-1_family-506	73	17561	241	0.00137721671494259
rnd-1_family-605	61	17520	287	0.00137400130093925
rnd-5_family-324	114	17314	152	0.00135784580619077
rnd-6_family-999	140	17241	123	0.00135212080077019
rnd-1_family-227	201	17175	85	0.00134694476847213
rnd-1_family-240	75	16950	226	0.00132929920381965
rnd-1_family-559	63	16774	266	0.00131549645102483
rnd-1_family-341	71	16735	236	0.00131243788648507
rnd-1_family-721	260	16719	64	0.00131118309077645
rnd-1_family-880	143	16580	116	0.00130028205305781
rnd-1_family-522	70	16295	233	0.00127793100449801
rnd-5_family-1080	83	16273	196	0.00127620566039866
rnd-1_family-289	173	16226	94	0.00127251969800458
rnd-1_family-523	80	16068	201	0.00126012859038196
rnd-1_family-865	71	15788	222	0.0012381696654811
rnd-1_family-645	78	15685	201	0.00123009191810686
rnd-6_family-899	125	15661	125	0.00122820972454393
rnd-6_family-108	68	15650	230	0.00122734705249425
rnd-1_family-161	126	15557	123	0.0012200535524379
rnd-1_family-171	99	15547	157	0.00121926930512001
rnd-1_family-121	244	15118	62	0.00118562509518263
rnd-1_family-145	90	15053	167	0.00118052748761636
rnd-5_family-2302	70	14947	214	0.00117221446604675
rnd-1_family-786	73	14761	202	0.00115762746593404
rnd-5_family-297	119	14697	124	0.00115260828309955
rnd-1_family-496	92	14602	159	0.00114515793357962
rnd-1_family-635	84	14576	174	0.00114311889055311
rnd-1_family-760	62	14569	235	0.00114256991743059
rnd-1_family-61	141	14548	103	0.00114092299806303
rnd-1_family-948	120	14513	121	0.00113817813245042
rnd-1_family-392	102	14483	142	0.00113582539049676
rnd-6_family-172	79	14451	183	0.00113331579907952
rnd-6_family-86	72	14442	201	0.00113260997649342
rnd-5_family-219	106	14382	136	0.00112790449258609
rnd-1_family-838	71	14379	203	0.00112766921839073
rnd-6_family-847	104	14351	138	0.00112547332590064
rnd-1_family-845	181	14327	79	0.00112359113233771
rnd-6_family-578	118	14315	121	0.00112265003555624
rnd-1_family-402	98	14253	145	0.00111778770218534
rnd-4_family-693	161	14157	88	0.00111025892793362
rnd-1_family-719	113	14150	125	0.0011097099548111
rnd-6_family-1451	81	13792	170	0.00108163390083072
rnd-1_family-869	92	13687	149	0.0010733993039929
rnd-1_family-900	81	13321	164	0.00104469585215821
rnd-1_family-425	72	13244	184	0.00103865714781047
rnd-1_family-366	47	13163	280	0.00103230474453558
rnd-5_family-1870	108	13156	122	0.00103175577141306
rnd-3_family-257	90	13142	146	0.00103065782516802
rnd-1_family-604	115	13103	114	0.00102759926062825
rnd-6_family-523	136	12912	95	0.0010126201368566
rnd-1_family-624	71	12770	180	0.00100148382494259
rnd-1_family-520	109	12730	117	0.000998346835671044
rnd-1_family-422	229	12719	56	0.000997484163621367
rnd-1_family-181	108	12681	117	0.000994504023813394
rnd-6_family-264	49	12502	255	0.000980465996823204
rnd-5_family-507	103	12441	121	0.000975682088184089
rnd-5_family-1812	178	12297	69	0.000964388926806506
rnd-1_family-837	88	12188	138	0.00095584063104153
rnd-6_family-1229	130	12032	93	0.000943606372882482
rnd-5_family-298	123	12021	98	0.000942743700832806
rnd-1_family-545	111	11939	108	0.000936312872826126
rnd-6_family-2096	100	11916	119	0.000934509103994985
rnd-5_family-798	153	11858	78	0.000929960469551236
rnd-1_family-727	77	11715	152	0.000918745732905442
rnd-1_family-931	163	11695	72	0.000917177238269666
rnd-1_family-173	74	11566	156	0.000907060447868915
rnd-1_family-737	204	11551	57	0.000905884076892084
rnd-1_family-292	113	11547	102	0.000905570377964928
rnd-1_family-554	56	11468	205	0.000899374824153616
rnd-6_family-1469	42	11439	272	0.000897100506931741
rnd-1_family-479	76	11329	149	0.000888473786434977
rnd-1_family-399	139	11248	81	0.000882121383160086
rnd-1_family-265	145	11075	76	0.000868553904560629
rnd-4_family-736	122	11074	91	0.00086847547982884
rnd-1_family-830	217	10897	50	0.000854594302302228
rnd-1_family-703	112	10661	95	0.000836086065600078
rnd-1_family-398	96	10615	111	0.000832478527937795
rnd-1_family-578	55	10603	193	0.00083153743115633
rnd-1_family-551	184	10524	57	0.000825341877345017
rnd-1_family-917	107	10475	98	0.000821499065487367
rnd-1_family-905	51	10439	205	0.000818675775142971
rnd-1_family-743	30	10319	344	0.000809264807328319
rnd-1_family-436	167	10163	61	0.000797030549169271
rnd-1_family-929	85	10104	119	0.000792403489993733
rnd-1_family-531	33	10098	306	0.000791932941603001
rnd-5_family-956	65	10082	155	0.00079067814589438
rnd-1_family-863	105	10046	96	0.000787854855549985
rnd-5_family-991	82	9999	122	0.000784168893155912
rnd-1_family-205	56	9949	178	0.000780247656566474
rnd-1_family-401	56	9870	176	0.000774052102755161
rnd-1_family-510	43	9825	228	0.000770522989824666
rnd-1_family-766	67	9795	146	0.000768170247871003
rnd-1_family-170	50	9726	195	0.000762758941377578
rnd-1_family-808	91	9720	107	0.000762288392986845
rnd-1_family-507	114	9706	85	0.000761190446741803
rnd-5_family-930	53	9692	183	0.00076009250049676
rnd-1_family-834	99	9656	98	0.000757269210152364
rnd-5_family-1081	46	9581	208	0.000751387355268206
rnd-1_family-660	93	9537	103	0.000747936667069501
rnd-1_family-745	70	9479	135	0.000743388032625752
rnd-1_family-315	40	9450	236	0.000741113715403878
rnd-4_family-41	139	9337	67	0.000732251720711747
rnd-1_family-835	38	9290	244	0.000728565758317674
rnd-1_family-860	61	9256	152	0.000725899317436856
rnd-1_family-493	53	9127	172	0.000715782527036105
rnd-5_family-2681	54	9008	167	0.000706449983953241
rnd-1_family-381	51	8938	175	0.000700960252728027
rnd-1_family-304	39	8872	227	0.000695784220429968
rnd-1_family-713	145	8767	60	0.000687549623592148
rnd-5_family-321	63	8743	139	0.000685667430029217
rnd-4_family-14	143	8645	60	0.000677981806313918
rnd-1_family-783	184	8617	47	0.000675785913823832
rnd-1_family-756	103	8582	83	0.000673041048211225
rnd-1_family-139	49	8524	174	0.000668492413767477
rnd-1_family-632	68	8504	125	0.000666923919131701
rnd-1_family-904	114	8402	74	0.000658924596489247
rnd-1_family-440	34	8203	241	0.000643318074863281
rnd-6_family-1013	29	8159	281	0.000639867386664575
rnd-1_family-251	97	8117	84	0.000636573547929447
rnd-5_family-166	126	8003	64	0.000627633128505527
rnd-5_family-410	130	7998	62	0.000627241004846583
rnd-5_family-287	103	7989	78	0.000626535182260484
rnd-1_family-495	31	7902	255	0.000619712230594861
rnd-6_family-73	66	7810	118	0.000612497155270295
rnd-1_family-924	64	7804	122	0.000612026606879562
rnd-1_family-662	57	7802	137	0.000611869757415984
rnd-5_family-452	126	7723	61	0.000605674203604672
rnd-5_family-761	97	7658	79	0.000600576596038402
rnd-1_family-106	50	7599	152	0.000595949536862864
rnd-6_family-1883	53	7464	141	0.00058536219807138
rnd-1_family-925	44	7423	169	0.000582146784068041
rnd-1_family-658	59	7401	125	0.000580421439968688
rnd-1_family-819	107	7363	69	0.000577441300160714
rnd-1_family-657	117	7326	63	0.00057453958508453
rnd-1_family-704	66	7291	110	0.000571794719471923
rnd-1_family-324	50	7260	145	0.000569363552786471
rnd-5_family-168	98	7251	74	0.000568657730200372
rnd-1_family-859	73	7225	99	0.000566618687173864
rnd-1_family-792	65	7013	108	0.000549992644034645
rnd-1_family-156	89	6999	79	0.000548894697789602
rnd-1_family-575	31	6985	225	0.000547796751544559
rnd-1_family-344	111	6948	63	0.000544895036468375
rnd-1_family-248	100	6710	67	0.000526229950302647
rnd-1_family-466	78	6613	85	0.000518622751319137
rnd-1_family-665	34	6607	194	0.000518152202928404
rnd-5_family-1264	47	6563	140	0.000514701514729698
rnd-1_family-160	59	6523	111	0.000511564525458147
rnd-5_family-2216	65	6401	98	0.000501996708179918
rnd-1_family-191	108	6364	59	0.000499094993103733
rnd-1_family-608	37	6183	167	0.000484900116649966
rnd-1_family-898	84	6146	73	0.000481998401573781
rnd-1_family-857	64	6094	95	0.000477920315520765
rnd-1_family-839	43	6089	142	0.000477528191861821
rnd-1_family-180	90	6051	67	0.000474548052053848
rnd-1_family-607	61	6032	99	0.000473057982149861
rnd-1_family-346	35	5791	165	0.000454157621788768
rnd-1_family-953	36	5769	160	0.000452432277689415
rnd-1_family-890	17	5758	339	0.000451569605639738
rnd-6_family-28	116	5670	49	0.000444668229242327
rnd-1_family-149	95	5648	59	0.000442942885142974
rnd-1_family-789	62	5599	90	0.000439100073285324
rnd-1_family-678	45	5512	122	0.000432277121619701
rnd-1_family-498	21	5456	260	0.00042788533663953
rnd-1_family-722	67	5420	81	0.000425062046295134
rnd-3_family-347	35	5398	154	0.000423336702195781
rnd-1_family-902	95	5386	57	0.000422395605414316
rnd-1_family-631	30	5371	179	0.000421219234437484
rnd-1_family-484	73	5368	74	0.000420983960242118
rnd-1_family-735	38	5272	139	0.000413455185990396
rnd-1_family-383	31	5270	170	0.000413298336526819
rnd-1_family-702	51	5225	102	0.000409769223596324
rnd-1_family-204	36	5211	145	0.000408671277351281
rnd-1_family-311	18	5148	286	0.000403730519248589
rnd-1_family-774	62	5101	82	0.000400044556854516
rnd-1_family-579	18	5100	283	0.000399966132122728
rnd-6_family-1389	46	5094	111	0.000399495583731995
rnd-1_family-547	33	5079	154	0.000398319212755163
rnd-1_family-427	38	5041	133	0.00039533907294719
rnd-1_family-542	23	5038	219	0.000395103798751824
rnd-1_family-726	30	5026	168	0.000394162701970359
rnd-6_family-564	50	4990	100	0.000391339411625963
rnd-6_family-1878	92	4986	54	0.000391025712698808
rnd-5_family-174	65	4918	76	0.000385692830937171
rnd-1_family-532	17	4873	287	0.000382163718006677
rnd-1_family-546	24	4859	202	0.000381065771761634
rnd-1_family-829	28	4836	173	0.000379262002930492
rnd-1_family-213	58	4813	83	0.000377458234099351
rnd-1_family-365	87	4685	54	0.000367419868430388
rnd-1_family-626	38	4571	120	0.000358479449006468
rnd-1_family-933	44	4549	103	0.000356754104907115
rnd-6_family-2349	86	4546	53	0.000356518830711749
rnd-5_family-699	85	4541	53	0.000356126707052805
rnd-1_family-286	17	4519	266	0.000354401362953452
rnd-1_family-688	35	4410	126	0.000345853067188476
rnd-1_family-244	49	4409	90	0.000345774642456687
rnd-1_family-390	27	4369	162	0.000342637653185137
rnd-6_family-461	26	4300	165	0.000337226346691712
rnd-1_family-628	77	4282	56	0.000335814701519514
rnd-1_family-517	35	4200	120	0.000329383873512835
rnd-5_family-478	61	4182	69	0.000327972228340637
rnd-6_family-297	31	4104	132	0.000321855099261113
rnd-1_family-773	80	4093	51	0.000320992427211436
rnd-1_family-873	26	4060	156	0.000318404411062407
rnd-1_family-372	36	4030	112	0.000316051669108744
rnd-5_family-381	81	3944	49	0.000309307142174909
rnd-1_family-619	19	3940	207	0.000308993443247754
rnd-1_family-803	28	3908	140	0.000306483851830514
rnd-1_family-601	59	3890	66	0.000305072206658316
rnd-1_family-770	24	3790	158	0.000297229733479439
rnd-1_family-352	31	3786	122	0.000296916034552284
rnd-5_family-479	31	3669	118	0.000287740340932998
rnd-1_family-174	22	3620	165	0.000283897529075348
rnd-1_family-429	21	3581	171	0.000280838964535586
rnd-1_family-565	26	3547	136	0.000278172523654768
rnd-5_family-86	63	3481	55	0.000272996491356709
rnd-1_family-536	45	3440	76	0.000269781077353369
rnd-1_family-442	32	3432	107	0.000269153679499059
rnd-5_family-100	85	3402	40	0.000266800937545396
rnd-6_family-2113	26	3400	131	0.000266644088081818
rnd-1_family-394	36	3318	92	0.000260213260075139
rnd-1_family-264	25	3312	132	0.000259742711684407
rnd-1_family-960	46	3291	72	0.000258095792316842
rnd-1_family-634	56	3237	58	0.000253860856800249
rnd-1_family-828	12	3141	262	0.000246332082548527
rnd-1_family-452	20	3134	157	0.000245783109426006
rnd-1_family-809	26	3120	120	0.000244685163180963
rnd-1_family-195	38	3058	80	0.000239822829810059
rnd-1_family-560	26	2916	112	0.000228686517896054
rnd-1_family-746	25	2904	116	0.000227745421114588
rnd-1_family-472	34	2890	85	0.000226647474869546
rnd-1_family-870	54	2885	53	0.000226255351210602
rnd-1_family-310	29	2860	99	0.000224294732915883
rnd-1_family-303	14	2811	201	0.000220451921058233
rnd-1_family-610	20	2602	130	0.00020406115211438
rnd-5_family-122	42	2513	60	0.000197081350985179
rnd-1_family-360	16	2510	157	0.000196846076789813
rnd-6_family-340	47	2500	53	0.000196061829471925
rnd-1_family-511	13	2455	189	0.000192532716541431
rnd-6_family-615	64	2416	38	0.000189474152001669
rnd-6_family-3101	26	2394	92	0.000187748807902316
rnd-1_family-389	13	2383	183	0.000186886135852639
rnd-1_family-747	16	2342	146	0.0001836707218493
rnd-1_family-871	43	2329	54	0.000182651200336046
rnd-1_family-258	12	2328	194	0.000182572775604257
rnd-1_family-776	15	2316	154	0.000181631678822792
rnd-1_family-367	14	2312	165	0.000181317979895637
rnd-1_family-322	12	2263	189	0.000177475168037987
rnd-1_family-562	15	2229	149	0.000174808727157169
rnd-1_family-811	18	2219	123	0.000174024479839281
rnd-1_family-416	40	2193	55	0.000171985436812773
rnd-1_family-736	26	2128	82	0.000166887829246503
rnd-1_family-172	13	2126	164	0.000166730979782925
rnd-1_family-253	14	2072	148	0.000162496044266332
rnd-1_family-725	22	2067	94	0.000162103920607388
rnd-1_family-534	18	2066	115	0.000162025495875599
rnd-1_family-423	10	2032	203	0.000159359054994781
rnd-1_family-752	28	2001	71	0.000156927888309329
rnd-1_family-728	21	1996	95	0.000156535764650385
rnd-1_family-155	18	1965	109	0.000154104597964933
rnd-5_family-460	40	1950	49	0.000152928226988102
rnd-1_family-580	23	1950	85	0.000152928226988102
rnd-1_family-762	33	1819	55	0.000142654587123773
rnd-6_family-350	46	1800	39	0.000141164517219786
rnd-1_family-884	35	1797	51	0.00014092924302442
rnd-1_family-485	31	1763	57	0.000138262802143602
rnd-5_family-933	34	1749	51	0.000137164855898559
rnd-6_family-3004	30	1713	57	0.000134341565554163
rnd-5_family-1393	43	1650	38	0.000129400807451471
rnd-1_family-844	14	1574	112	0.000123440527835524
rnd-1_family-596	27	1558	58	0.000122185732126904
rnd-1_family-946	25	1534	61	0.000120303538563973
rnd-1_family-777	24	1529	64	0.00011991141490503
rnd-1_family-840	12	1498	125	0.000117480248219578
rnd-1_family-317	10	1496	150	0.000117323398756
rnd-1_family-368	15	1489	99	0.000116774425633479
rnd-1_family-669	16	1487	93	0.000116617576169901
rnd-1_family-576	12	1444	120	0.000113245312702984
rnd-1_family-765	17	1439	85	0.00011285318904404
rnd-1_family-875	16	1392	87	0.000109167226649968
rnd-1_family-229	14	1391	99	0.000109088801918179
rnd-1_family-694	13	1353	104	0.000106108662110206
rnd-1_family-952	26	1284	49	0.000100697355616781
rnd-1_family-199	23	1270	55	9.9599409371738e-05
rnd-1_family-480	13	1266	97	9.92857104445829e-05
rnd-1_family-934	20	1263	63	9.90504362492166e-05
rnd-1_family-499	19	1256	66	9.85014631266952e-05
rnd-1_family-885	17	1254	74	9.83446136631177e-05
rnd-1_family-420	18	1220	68	9.56781727822995e-05
rnd-1_family-150	7	1193	170	9.35607050240027e-05
rnd-1_family-535	9	1193	133	9.35607050240027e-05
rnd-1_family-223	6	1169	195	9.16785114610722e-05
rnd-1_family-715	9	1168	130	9.16000867292835e-05
rnd-1_family-329	20	1157	58	9.0737414679607e-05
rnd-1_family-800	16	1145	72	8.97963178981418e-05
rnd-1_family-695	10	1140	114	8.94041942391979e-05
rnd-1_family-347	6	1134	189	8.89336458484653e-05
rnd-1_family-833	15	1130	75	8.86199469213102e-05
rnd-1_family-331	11	1103	100	8.65024791630134e-05
rnd-1_family-432	9	1099	122	8.61887802358584e-05
rnd-1_family-467	8	1086	136	8.51692587226043e-05
rnd-1_family-708	21	1081	51	8.47771350636605e-05
rnd-1_family-307	7	1048	150	8.21891189146311e-05
rnd-1_family-907	6	1045	174	8.19538447192648e-05
rnd-1_family-157	10	1040	104	8.15617210603209e-05
rnd-1_family-646	19	1039	55	8.14832963285321e-05
rnd-1_family-594	14	1022	73	8.0150075888123e-05
rnd-1_family-512	13	1002	77	7.85815812523476e-05
rnd-1_family-285	4	1001	250	7.85031565205589e-05
rnd-1_family-437	18	995	55	7.80326081298263e-05
rnd-1_family-927	15	990	66	7.76404844708824e-05
rnd-1_family-439	6	980	163	7.68562371529947e-05
rnd-1_family-438	14	973	70	7.63072640304733e-05
rnd-1_family-687	9	969	108	7.59935651033182e-05
rnd-1_family-738	10	941	94	7.37976726132327e-05
rnd-1_family-950	15	939	63	7.36408231496551e-05
rnd-1_family-410	5	936	187	7.34055489542888e-05
rnd-1_family-901	11	898	82	7.04254091463156e-05
rnd-1_family-326	13	880	68	6.90137639741177e-05
rnd-1_family-954	9	880	98	6.90137639741177e-05
rnd-1_family-935	18	870	48	6.822951665623e-05
rnd-1_family-779	8	863	108	6.76805435337086e-05
rnd-1_family-922	16	858	54	6.72884198747648e-05
rnd-1_family-785	10	855	86	6.70531456793984e-05
rnd-1_family-414	14	806	58	6.32103338217487e-05
rnd-1_family-225	13	796	61	6.2426086503861e-05
rnd-1_family-916	8	793	99	6.21908123084947e-05
rnd-1_family-323	14	779	56	6.10928660634519e-05
rnd-1_family-930	12	762	64	5.97596456230428e-05
rnd-1_family-457	9	761	85	5.96812208912541e-05
rnd-1_family-508	7	745	106	5.84264251826337e-05
rnd-1_family-807	8	743	93	5.82695757190562e-05
rnd-1_family-883	15	727	48	5.70147800104359e-05
rnd-1_family-449	9	714	79	5.59952584971819e-05
rnd-1_family-936	8	713	89	5.59168337653931e-05
rnd-6_family-678	13	708	54	5.55247101064492e-05
rnd-1_family-956	15	691	46	5.41914896660401e-05
rnd-1_family-568	8	681	85	5.34072423481525e-05
rnd-1_family-453	4	654	164	5.12897745898557e-05
rnd-1_family-245	15	650	43	5.09760756627006e-05
rnd-1_family-543	9	635	71	4.9799704685869e-05
rnd-1_family-911	11	615	56	4.82312100500936e-05
rnd-1_family-295	6	607	101	4.76038121957835e-05
rnd-1_family-667	8	597	75	4.68195648778958e-05
rnd-1_family-825	10	595	60	4.66627154143182e-05
rnd-5_family-615	7	587	84	4.60353175600081e-05
rnd-1_family-926	4	576	144	4.51726455103316e-05
rnd-1_family-516	7	565	81	4.43099734606551e-05
rnd-1_family-581	5	565	113	4.43099734606551e-05
rnd-1_family-915	7	555	79	4.35257261427674e-05
rnd-1_family-650	7	553	79	4.33688766791899e-05
rnd-1_family-693	9	543	60	4.25846293613022e-05
rnd-1_family-750	10	540	54	4.23493551659359e-05
rnd-1_family-280	7	523	75	4.10161347255268e-05
rnd-1_family-832	3	503	168	3.94476400897514e-05
rnd-1_family-597	5	502	100	3.93692153579626e-05
rnd-1_family-683	7	494	71	3.87418175036524e-05
rnd-1_family-318	7	494	71	3.87418175036524e-05
rnd-1_family-99	5	477	95	3.74085970632433e-05
rnd-1_family-888	5	450	90	3.52911293049466e-05
rnd-1_family-38	6	440	73	3.45068819870588e-05
rnd-1_family-268	7	429	61	3.36442099373824e-05
rnd-1_family-363	9	427	47	3.34873604738048e-05
rnd-1_family-823	5	425	85	3.33305110102273e-05
rnd-1_family-369	4	423	106	3.31736615466498e-05
rnd-1_family-201	7	404	58	3.16835916426631e-05
rnd-5_family-4966	12	370	31	2.90171507618449e-05
rnd-1_family-831	3	368	123	2.88603012982674e-05
rnd-1_family-290	5	357	71	2.79976292485909e-05
rnd-1_family-868	7	357	51	2.79976292485909e-05
rnd-1_family-772	5	349	70	2.73702313942808e-05
rnd-1_family-623	5	342	68	2.68212582717594e-05
rnd-1_family-712	5	338	68	2.65075593446043e-05
rnd-1_family-793	6	334	56	2.61938604174492e-05
rnd-1_family-358	5	332	66	2.60370109538717e-05
rnd-1_family-847	4	332	83	2.60370109538717e-05
rnd-1_family-509	3	320	107	2.50959141724064e-05
rnd-1_family-699	4	308	77	2.41548173909412e-05
rnd-1_family-856	6	302	50	2.36842690002086e-05
rnd-1_family-421	3	301	100	2.36058442684198e-05
rnd-1_family-920	4	291	73	2.28215969505321e-05
rnd-1_family-598	3	285	95	2.23510485597995e-05
rnd-1_family-474	5	274	55	2.1488376510123e-05
rnd-1_family-489	2	273	136	2.14099517783342e-05
rnd-1_family-897	2	263	132	2.06257044604465e-05
rnd-1_family-606	3	263	88	2.06257044604465e-05
rnd-1_family-767	4	260	65	2.03904302650802e-05
rnd-1_family-947	5	258	52	2.02335808015027e-05
rnd-1_family-780	6	248	41	1.9449333483615e-05
rnd-1_family-810	5	247	49	1.93709087518262e-05
rnd-1_family-854	4	231	58	1.81161130432059e-05
rnd-1_family-564	2	226	113	1.7723989384262e-05
rnd-1_family-530	4	213	53	1.6704467871008e-05
rnd-1_family-670	4	200	50	1.5684946357754e-05
rnd-1_family-348	1	197	197	1.54496721623877e-05
rnd-1_family-846	3	184	61	1.44301506491337e-05
rnd-1_family-572	1	183	183	1.43517259173449e-05
rnd-1_family-659	2	182	91	1.42733011855562e-05
rnd-1_family-836	2	175	88	1.37243280630348e-05
rnd-1_family-571	3	169	56	1.32537796723022e-05
rnd-1_family-141	3	166	55	1.30185054769358e-05
rnd-1_family-464	2	165	82	1.29400807451471e-05
rnd-1_family-942	1	160	160	1.25479570862032e-05
rnd-1_family-939	3	152	51	1.19205592318931e-05
rnd-1_family-188	1	140	140	1.09794624504278e-05
rnd-1_family-755	2	139	70	1.0901037718639e-05
rnd-1_family-872	2	130	65	1.01952151325401e-05
rnd-1_family-56	2	125	62	9.80309147359626e-06
rnd-1_family-744	2	120	60	9.41096781465241e-06
rnd-1_family-814	2	118	59	9.25411835107487e-06
rnd-1_family-647	2	114	57	8.94041942391979e-06
rnd-1_family-306	2	113	56	8.86199469213102e-06
rnd-1_family-848	2	108	54	8.46987103318717e-06
rnd-1_family-557	2	107	54	8.3914463013984e-06
rnd-1_family-698	2	100	50	7.84247317887701e-06
rnd-1_family-903	2	99	50	7.76404844708824e-06
rnd-1_family-275	2	97	48	7.6071989835107e-06
rnd-1_family-794	2	94	47	7.37192478814439e-06
rnd-1_family-309	2	93	46	7.29350005635562e-06
rnd-1_family-441	1	90	90	7.05822586098931e-06
rnd-1_family-104	2	88	44	6.90137639741177e-06
rnd-1_family-283	2	83	42	6.50925273846792e-06
rnd-1_family-821	1	73	73	5.72500542058022e-06
rnd-1_family-622	2	67	34	5.2544570298476e-06
rnd-1_family-334	1	67	67	5.2544570298476e-06
rnd-1_family-418	1	60	60	4.70548390732621e-06
rnd-1_family-549	1	55	55	4.31336024838236e-06
rnd-1_family-818	1	54	54	4.23493551659359e-06
rnd-1_family-951	1	51	51	3.99966132122728e-06
rnd-1_family-894	1	50	50	3.92123658943851e-06
rnd-1_family-858	1	49	49	3.84281185764974e-06
rnd-1_family-588	1	44	44	3.45068819870588e-06
rnd-1_family-615	1	40	40	3.1369892715508e-06
